epoch,dataset,class,precision,recall,iou,f1
1,Train,0,0.5593154244487178,0.767407114694226,0.47824254310826864,0.6470420456144995
1,Val,0,0.5047834851103393,0.7415392762333052,0.42925941828256764,0.6006739005493742
1,Train,1,0.7370301868367547,0.4522868883609147,0.3894410720165334,0.5605722712325375
1,Val,1,0.7138954798606811,0.4661191413142864,0.39275145445737675,0.5639935968073109
1,Train,2,0.47559115642840066,0.6278846424275902,0.37101682279608783,0.541228689925438
1,Val,2,0.4298608160706257,0.7318269231488401,0.3713637412623498,0.5415977204176997
1,Train,3,0.0,0.0,0.0,0.0
1,Val,3,0.0,0.0,0.0,0.0
1,Train,4,0.4201482053261276,0.5070806571100198,0.29831285872222313,0.45953924510701577
1,Val,4,0.524907024649684,0.5855781126783927,0.3827292081385139,0.5535851885377506
1,Train,5,0.0,0.0,0.0,0.0
1,Val,5,0.0,0.0,0.0,0.0
1,Train,6,0.0,0.0,0.0,0.0
1,Val,6,0.0,0.0,0.0,0.0
1,Train,7,0.0,0.0,0.0,0.0
1,Val,7,0.0,0.0,0.0,0.0
1,Train,8,0.0,0.0,0.0,0.0
1,Val,8,0.0,0.0,0.0,0.0
1,Train,9,0.0,0.0,0.0,0.0
1,Val,9,0.0,0.0,0.0,0.0
1,Train,10,0.0,0.0,0.0,0.0
1,Val,10,0.0,0.0,0.0,0.0
1,Train,11,0.0,0.0,0.0,0.0
1,Val,11,0.0,0.0,0.0,0.0
1,Train,12,0.0,0.0,0.0,0.0
1,Val,12,0.0,0.0,0.0,0.0
1,Train,13,0.0,0.0,0.0,0.0
1,Val,13,0.0,0.0,0.0,0.0
1,Train,14,0.0,0.0,0.0,0.0
1,Val,14,0.0,0.0,0.0,0.0
1,Train,15,0.15693379540315958,0.20855519758091048,0.09835735869398873,0.1790990067564613
1,Val,15,0.1936399757238367,0.23617568459069654,0.11907087969792925,0.21280310137243796
1,Train,16,0.0,0.0,0.0,0.0
1,Val,16,0.0,0.0,0.0,0.0
1,Train,17,0.0,0.0,0.0,0.0
1,Val,17,0.0,0.0,0.0,0.0
1,Train,18,0.12449174058047224,0.012957894400752111,0.011875681546574868,0.023472608145738642
1,Val,18,0.15281185473094222,0.01377767361993274,0.012799969070895685,0.02527639947359802
1,Train,19,0.3770870149852054,0.17612885548850052,0.136433666789991,0.2401084521002863
1,Val,19,0.33409633194483085,0.10908992471115435,0.08960655312728578,0.16447505909033663
2,Train,0,0.589195708169285,0.7913526463323102,0.5099730164902305,0.6754730147186588
2,Val,0,0.5143268653127905,0.7756405253231382,0.4477185804931718,0.618516033509606
2,Train,1,0.9134113145937086,0.7799496141150062,0.726252730093317,0.8414210887478022
2,Val,1,0.9089401680357442,0.7688833632489462,0.7138931707875629,0.8330661195232357
2,Train,2,0.5546808685089922,0.8920054727347612,0.5197754251989473,0.6840160894666876
2,Val,2,0.4808169899470099,0.8788907846382896,0.45093974163197453,0.6215829994543034
2,Train,3,0.3333333322222222,5.104514943467236e-06,5.104462831853629e-06,1.0208873246629622e-05
2,Val,3,0.4999999975,1.887326601868097e-05,1.8872909825233295e-05,3.7745106535579585e-05
2,Train,4,0.4771418082344018,0.2789725240245221,0.21365716276986957,0.3520881621240126
2,Val,4,0.469473896993342,0.2752110057316778,0.209924407500065,0.3470041655161541
2,Train,5,0.038271283519817054,0.00023824496120010245,0.00023682709688644483,0.00047354192321736184
2,Val,5,0.050980392156362936,0.00038609178589722634,0.0003833366506697051,0.0007663793707826906
2,Train,6,0.0,0.0,0.0,0.0
2,Val,6,0.0,0.0,0.0,0.0
2,Train,7,0.0,0.0,0.0,0.0
2,Val,7,0.0,0.0,0.0,0.0
2,Train,8,0.0,0.0,0.0,0.0
2,Val,8,0.0,0.0,0.0,0.0
2,Train,9,0.0,0.0,0.0,0.0
2,Val,9,0.0,0.0,0.0,0.0
2,Train,10,0.0,0.0,0.0,0.0
2,Val,10,0.0,0.0,0.0,0.0
2,Train,11,0.0,0.0,0.0,0.0
2,Val,11,0.0,0.0,0.0,0.0
2,Train,12,0.0,0.0,0.0,0.0
2,Val,12,0.0,0.0,0.0,0.0
2,Train,13,0.0,0.0,0.0,0.0
2,Val,13,0.0,0.0,0.0,0.0
2,Train,14,0.0,0.0,0.0,0.0
2,Val,14,0.0,0.0,0.0,0.0
2,Train,15,0.30142917910879735,0.0717911193267262,0.061550474973530646,0.11596334752879743
2,Val,15,0.3639012957148382,0.09201189717442004,0.07926343540707571,0.1468843121487097
2,Train,16,0.0,0.0,0.0,0.0
2,Val,16,0.0,0.0,0.0,0.0
2,Train,17,0.0,0.0,0.0,0.0
2,Val,17,0.0,0.0,0.0,0.0
2,Train,18,0.23738214849387784,0.20547343578999644,0.12377117119070971,0.22027824092465925
2,Val,18,0.2519836530297979,0.19176712544790098,0.12220203871279214,0.21778972367421082
2,Train,19,0.2909552120663844,0.10822008802145816,0.08563562034741624,0.15776125358653606
2,Val,19,0.3188261690524623,0.08171840532640628,0.06957174769167773,0.13009271440629652
3,Train,0,0.6916048036938973,0.8284975187777612,0.6049911745787968,0.7538872240311594
3,Val,0,0.5751929557401113,0.7747073881346821,0.4927669292189658,0.660206112452387
3,Train,1,0.8420691201014221,0.8795851416320074,0.7550300624974791,0.8604183760106632
3,Val,1,0.8101410995268603,0.867854879534299,0.7211785013068984,0.8380054671394592
3,Train,2,0.6727445075105177,0.820372867279563,0.5863705254788305,0.7392604843999905
3,Val,2,0.6027446901608996,0.8335660841538143,0.5379982292049839,0.699608380872307
3,Train,3,0.07462686567040419,0.00022970317245602564,0.00022905076273902825,0.000457996559819445
3,Val,3,0.09090909089990817,0.00016985939416812876,0.0001695713612811739,0.0003390851861895501
3,Train,4,0.5537791085806786,0.5873256200465936,0.39865935935477553,0.5700592545207814
3,Val,4,0.5770279837333152,0.593296062590012,0.4134764651462721,0.5850489510208756
3,Train,5,0.23390301431858912,0.34410027681794936,0.16177549662869173,0.2784969975684153
3,Val,5,0.1890919758676467,0.3302198495726758,0.13667331466975188,0.24047949445816139
3,Train,6,0.14392059552992753,0.0003129113705517861,0.0003123300359179373,0.0006244649893543465
3,Val,6,0.15384615382248523,0.00019262626651766527,0.0001924224056648786,0.0003847707478331258
3,Train,7,0.0,0.0,0.0,0.0
3,Val,7,0.0,0.0,0.0,0.0
3,Train,8,0.0,0.0,0.0,0.0
3,Val,8,0.0,0.0,0.0,0.0
3,Train,9,0.0,0.0,0.0,0.0
3,Val,9,0.0,0.0,0.0,0.0
3,Train,10,0.0,0.0,0.0,0.0
3,Val,10,0.0,0.0,0.0,0.0
3,Train,11,0.49999999875,1.9350781287792623e-05,1.9350406842301987e-05,3.870006404862976e-05
3,Val,11,0.0,0.0,0.0,0.0
3,Train,12,0.0,0.0,0.0,0.0
3,Val,12,0.0,0.0,0.0,0.0
3,Train,13,0.06382978722046175,1.0883090217189809e-05,1.0881353350186946e-05,2.1762466486376538e-05
3,Val,13,0.0,0.0,0.0,0.0
3,Train,14,0.07602339181064259,7.720608977880226e-05,7.713371128851636e-05,0.0001542555040060076
3,Val,14,0.16666666664351854,0.00011459676264144443,0.00011453113815317447,0.00022903603081474746
3,Train,15,0.2963418390078992,0.1305144064225404,0.09963661797248118,0.18121734763979705
3,Val,15,0.36419960528646167,0.13329755235762936,0.10813429072134179,0.19516459233002303
3,Train,16,0.0,0.0,0.0,0.0
3,Val,16,0.0,0.0,0.0,0.0
3,Train,17,0.0,0.0,0.0,0.0
3,Val,17,0.0,0.0,0.0,0.0
3,Train,18,0.3312878953904581,0.26494578600945407,0.17262571588040582,0.29442593770089537
3,Val,18,0.3137916476744192,0.2043073162611789,0.1412147090013561,0.24748139883212011
3,Train,19,0.5261129923313231,0.29412735307766674,0.2325246028896502,0.3773143343502624
3,Val,19,0.4396840124408595,0.17771679958694347,0.14490043222926108,0.2531231988447744
4,Train,0,0.7328836590468641,0.5091903314398357,0.42948404091878084,0.6008937842844869
4,Val,0,0.6246883182129137,0.44992451913054626,0.3541837363628756,0.523095535053814
4,Train,1,0.8867181636764122,0.7958291711705835,0.7223840919753594,0.8388188105633038
4,Val,1,0.8876972931415257,0.7974462941951018,0.7243683625663686,0.8401550086313778
4,Train,2,0.46925923084152804,0.827659810307203,0.4274885099813152,0.5989379300723415
4,Val,2,0.40709360418183177,0.7608378730339854,0.3609094666924488,0.5303945228325023
4,Train,3,0.11111111110960555,0.00041857022536431336,0.00041717329480413625,0.0008339985928580159
4,Val,3,0.13599999998912002,0.00032084552231757656,0.00032019286911639573,0.0006401807099580381
4,Train,4,0.4161104541949627,0.31813693121093617,0.2199489934068601,0.3605871911038738
4,Val,4,0.40417034670607954,0.39960105351214825,0.2514647709275795,0.4018727073118206
4,Train,5,0.1838532255822715,0.45020518239514873,0.15014269344691075,0.2610853278195909
4,Val,5,0.16178230173806568,0.4236540617598046,0.13259852107995249,0.23414919999818273
4,Train,6,0.04943273905976729,0.0006581928828847915,0.0006499664361594096,0.0012990882490447023
4,Val,6,0.09494949494757678,0.0009053434526330267,0.000897597494365972,0.0017935848841510065
4,Train,7,0.0,0.0,0.0,0.0
4,Val,7,0.0,0.0,0.0,0.0
4,Train,8,0.0,0.0,0.0,0.0
4,Val,8,0.0,0.0,0.0,0.0
4,Train,9,0.0,0.0,0.0,0.0
4,Val,9,0.0,0.0,0.0,0.0
4,Train,10,0.0,0.0,0.0,0.0
4,Val,10,0.0,0.0,0.0,0.0
4,Train,11,0.1102035067952573,0.030283972715395454,0.024333926780534077,0.04751170377594945
4,Val,11,0.11153899051009278,0.026626830389379925,0.02196760387886073,0.04299079971915446
4,Train,12,0.0,0.0,0.0,0.0
4,Val,12,0.0,0.0,0.0,0.0
4,Train,13,0.0685670261936166,0.000322865009776631,0.0003214551443658549,0.0006427035950304459
4,Val,13,0.06784660766761515,0.00030420463713673283,0.0003029385034837529,0.0006056934302037336
4,Train,14,0.15898584224206913,0.013071584892549521,0.012226181581848697,0.024157013706471754
4,Val,14,0.17075940383226293,0.011488325454804806,0.010881264867895214,0.021528273693463416
4,Train,15,0.25854290995112017,0.18437306044086918,0.12060375524028848,0.21524781075087265
4,Val,15,0.2828931460516311,0.21846633792894996,0.14060212924276058,0.2465401787943132
4,Train,16,0.0,0.0,0.0,0.0
4,Val,16,0.0,0.0,0.0,0.0
4,Train,17,0.0,0.0,0.0,0.0
4,Val,17,0.0,0.0,0.0,0.0
4,Train,18,0.3112933659822582,0.362891693619113,0.20128634253005276,0.3351180021251135
4,Val,18,0.3109056534553957,0.32668341466405815,0.1894844691577743,0.3185993110444719
4,Train,19,0.31591336181942514,0.5275437604958956,0.2462446354463145,0.3951786439404155
4,Val,19,0.2948811805487505,0.39546616293633496,0.20325790909319133,0.3378459507522987
5,Train,0,0.7723988040078478,0.3225142012301457,0.2945242083989291,0.4550308195059015
5,Val,0,0.5969704389151078,0.277620416192029,0.2337997038408948,0.3789913394205151
5,Train,1,0.9130196029120338,0.8283633858260856,0.7677741255262349,0.8686337355330294
5,Val,1,0.9143557164848936,0.8201548085716741,0.7616446309460951,0.8646972416291802
5,Train,2,0.6984725381463379,0.7472331090526763,0.5649826108025793,0.7220305235274527
5,Val,2,0.6259689157973858,0.7477569527918448,0.5168342343748923,0.681464353717734
5,Train,3,0.08106412252982048,0.10947142747759835,0.04885026707515577,0.09315012074609964
5,Val,3,0.07702071107526214,0.09734830612435645,0.04493187915954869,0.085999628260662
5,Train,4,0.47650153848722954,0.6804950833014075,0.38938574288924865,0.5605149491659924
5,Val,4,0.49615978838331487,0.6609815381446638,0.3955099656612621,0.5668321573839217
5,Train,5,0.2646653004731579,0.39979125203398963,0.18940605021936852,0.318488454525506
5,Val,5,0.21811638871764913,0.38882412776665287,0.16242823511895949,0.27946367360244356
5,Train,6,0.09701415201269314,0.3232374457799951,0.08063556664540107,0.14923729556111265
5,Val,6,0.09491002818393665,0.30357899603184046,0.0779403182892655,0.14460970614228466
5,Train,7,0.0,0.0,0.0,0.0
5,Val,7,0.0,0.0,0.0,0.0
5,Train,8,0.0,0.0,0.0,0.0
5,Val,8,0.0,0.0,0.0,0.0
5,Train,9,0.0,0.0,0.0,0.0
5,Val,9,0.0,0.0,0.0,0.0
5,Train,10,0.0,0.0,0.0,0.0
5,Val,10,0.0,0.0,0.0,0.0
5,Train,11,0.28614358033916476,0.3593053069517334,0.18946938775509237,0.3185779924562942
5,Val,11,0.2995400298358094,0.316435747586737,0.1818627820967277,0.307756165773533
5,Train,12,0.0,0.0,0.0,0.0
5,Val,12,0.0,0.0,0.0,0.0
5,Train,13,0.07323230117482,0.03041460946030645,0.021961556797761357,0.04297921880289492
5,Val,13,0.08298678495515417,0.035631621410711224,0.025565593683568786,0.04985657023937603
5,Train,14,0.11395510496775124,0.3081384127021743,0.09073849799537348,0.16637992701717716
5,Val,14,0.11468950100404976,0.2890703337630436,0.0894569634281466,0.16422302893187363
5,Train,15,0.2537283156109837,0.6731715805530439,0.22590043997125192,0.36854613991228863
5,Val,15,0.312156018838659,0.6400243757896902,0.2655360679305596,0.4196420345032991
5,Train,16,0.0,0.0,0.0,0.0
5,Val,16,0.0,0.0,0.0,0.0
5,Train,17,0.0,0.0,0.0,0.0
5,Val,17,0.0,0.0,0.0,0.0
5,Train,18,0.2289556163477422,0.40819388371351945,0.17189588349185692,0.2933637419764208
5,Val,18,0.2451826198525353,0.370828697335794,0.17315251401475762,0.2951918171514279
5,Train,19,0.23054316791107624,0.31562193843350855,0.153705926307277,0.26645598325905306
5,Val,19,0.24701114476615071,0.28165673753620485,0.1515422145395092,0.26319870823601066
6,Train,0,0.6014631115214034,0.809238441488264,0.526775447208479,0.6900496657022942
6,Val,0,0.5355296496267489,0.7403139470665686,0.4508386341792118,0.6214869386913102
6,Train,1,0.9133096536297604,0.7643210917074298,0.7126214620425244,0.832199611634955
6,Val,1,0.9140864282125553,0.7447892751566266,0.6960637063189382,0.8207990059921106
6,Train,2,0.5700936209092471,0.9249158327143128,0.5448767822984187,0.7053983656135092
6,Val,2,0.5373277031828925,0.9105137298050884,0.5103752237367891,0.6758257315013442
6,Train,3,0.09194670016599292,0.052305964625708766,0.03448972241949645,0.06667967652284727
6,Val,3,0.0803571428571182,0.049429083702925466,0.03157019214541918,0.06120803015310267
6,Train,4,0.6756298903639419,0.20821700550175293,0.1892942019435823,0.31833031640534887
6,Val,4,0.6803354540196427,0.29869354900143047,0.2619325962790976,0.4151292935549654
6,Train,5,0.28441277458616643,0.38690171341885754,0.19605335882520414,0.3278337951365846
6,Val,5,0.26686292351334007,0.3701877742550752,0.1835342622075727,0.31014608564729285
6,Train,6,0.13117725762131208,0.29515095276115716,0.09988643459399271,0.18163044676138018
6,Val,6,0.13178010471203203,0.3393882189774744,0.10487812137265365,0.18984558951431801
6,Train,7,0.017654859921531516,0.025422717326432184,0.010528917449331807,0.020838423964613714
6,Val,7,0.02120950323973166,0.046055717099666015,0.014735894357738677,0.029043797995036435
6,Train,8,0.0,0.0,0.0,0.0
6,Val,8,0.023529411761937718,0.00020701790704874543,0.00020525451559913252,0.0004104246167472908
6,Train,9,0.0,0.0,0.0,0.0
6,Val,9,0.0,0.0,0.0,0.0
6,Train,10,0.0,0.0,0.0,0.0
6,Val,10,0.0,0.0,0.0,0.0
6,Train,11,0.35538307944989905,0.3203038072661874,0.2025972595362262,0.3369328425311007
6,Val,11,0.3675416746501753,0.314892639043826,0.2042289510667765,0.33918624509594936
6,Train,12,0.0,0.0,0.0,0.0
6,Val,12,0.0,0.0,0.0,0.0
6,Train,13,0.08608641916622907,0.1445346934777588,0.05702883790967656,0.10790402946738188
6,Val,13,0.09114387173140256,0.13443199703729358,0.0574370334371206,0.10863442280659057
6,Train,14,0.12079885200090487,0.29921517040273965,0.09415929071227709,0.17211257861580173
6,Val,14,0.11419547614992358,0.2817552404144314,0.0884478752904118,0.16252110011790905
6,Train,15,0.11986554253279526,0.04709670296825738,0.034994903047867246,0.06762333002575528
6,Val,15,0.1484771304050594,0.08597721199109852,0.05758367538899193,0.10889667507725026
6,Train,16,0.0,0.0,0.0,0.0
6,Val,16,0.0,0.0,0.0,0.0
6,Train,17,0.024232633279091555,0.00019082027274575225,0.00018936524768972007,0.0003786586355247871
6,Val,17,0.0074349442376418235,8.04278763018939e-05,7.957348611439501e-05,0.0001591340976121693
6,Train,18,0.4012805933335666,0.07946505420719698,0.07104205295016823,0.13265968647400292
6,Val,18,0.3486850129592793,0.10018244658016588,0.08439027585207985,0.15564557493969927
6,Train,19,0.33654578593524886,0.08621169029307103,0.07368806382991949,0.1372615838235829
6,Val,19,0.3646103526272051,0.1479393120277931,0.1176168601803742,0.21047795908635547
7,Train,0,0.6454410175781049,0.5070382860475263,0.3965789669053786,0.5679291652845773
7,Val,0,0.5672745698814726,0.4739383526794215,0.348093198892828,0.5164230423171948
7,Train,1,0.885944230043412,0.8267186117833665,0.7471939321925111,0.8553073749427619
7,Val,1,0.8837484871399247,0.8271272659656381,0.7459638951609491,0.8545009354068605
7,Train,2,0.702546802204917,0.7599596989664988,0.5749598217638363,0.7301263307004144
7,Val,2,0.654360556110243,0.7912154080793772,0.5580083771180152,0.7163098497456084
7,Train,3,0.1807819567130831,0.060799877491638246,0.04766688010244727,0.09099624896926992
7,Val,3,0.12431444241310588,0.05133528357081225,0.03770185044008072,0.07266412462821449
7,Train,4,0.48028290640621574,0.801874263091443,0.4293348214882485,0.6007477208071961
7,Val,4,0.5290614458971973,0.8040690284637202,0.46864442246389476,0.6381999778575339
7,Train,5,0.26725868388898294,0.3970425210530687,0.19010267934741976,0.3194727308570809
7,Val,5,0.25337971186104924,0.3813027627836934,0.1795579144639248,0.30444950507822255
7,Train,6,0.22882438125327612,0.18754720645675416,0.1149140698085664,0.20613977374669223
7,Val,6,0.24510654448835736,0.17415340755862116,0.11335397886130552,0.20362612126928153
7,Train,7,0.09112554112534389,0.008374776208472573,0.007729167049145802,0.0153397689083049
7,Val,7,0.036909871244318375,0.004033392739889285,0.003649325299156709,0.007272110518787717
7,Train,8,0.02286835222318894,0.06800798568797013,0.017411680363234507,0.0342274003401301
7,Val,8,0.02509633104371751,0.07752820618975517,0.01932554119255378,0.03791828719764761
7,Train,9,0.0,0.0,0.0,0.0
7,Val,9,0.0,0.0,0.0,0.0
7,Train,10,0.0,0.0,0.0,0.0
7,Val,10,0.0,0.0,0.0,0.0
7,Train,11,0.4557672737480339,0.25132794736585057,0.19331264465330136,0.323993285054907
7,Val,11,0.457431050292405,0.21291614682506635,0.1699868938400603,0.2905791375940935
7,Train,12,0.023715415018825476,0.00018135106543745464,0.00018000720028795754,0.00035994945642794793
7,Val,12,0.06666666665555555,0.00038872691933878646,0.0003866228494100264,0.0007729467446320039
7,Train,13,0.11863791369200369,0.0877140794538108,0.053107627563514274,0.10085887443953154
7,Val,13,0.12880770835701819,0.08981972568676316,0.055875528641243406,0.10583733512112152
7,Train,14,0.27741340949089455,0.09922467269071836,0.07884652593924278,0.14616819343635173
7,Val,14,0.2237720827712525,0.06495726495725876,0.05301223599095527,0.1006868340993406
7,Train,15,0.26861608807484666,0.45220758011683315,0.20266878216656484,0.3370317453319713
7,Val,15,0.31884798548376,0.4039660975255174,0.2168376120187704,0.35639531006790737
7,Train,16,0.0,0.0,0.0,0.0
7,Val,16,0.0,0.0,0.0,0.0
7,Train,17,0.007033090691701996,0.0025442703032766967,0.0018718704665635385,0.0037367423265801886
7,Val,17,0.007897603485828027,0.0023324084127549233,0.0018038752215961795,0.0036012507096391403
7,Train,18,0.2725761336249512,0.2807840427924017,0.16050963156038858,0.2766192098620257
7,Val,18,0.2779174197206451,0.24047357262381136,0.14800228891406564,0.25784318984073307
7,Train,19,0.29053382163905744,0.31731584093048304,0.17878295809110586,0.3033348148150806
7,Val,19,0.3321999734720347,0.37041213759443875,0.2123173539181406,0.350266949838033
8,Train,0,0.8512605120913872,0.7606522401772355,0.6714159337572271,0.8034097510158273
8,Val,0,0.7706888182979388,0.6749244450328336,0.5620541865608711,0.7196346804208251
8,Train,1,0.9108720779750061,0.8235227667299048,0.7621111779175133,0.8649978310949503
8,Val,1,0.9173140377482829,0.7867454528895413,0.7346467905858037,0.8470275219850942
8,Train,2,0.7591390070339888,0.8752850106956546,0.6850409218112358,0.813085200190345
8,Val,2,0.754972258412109,0.8898735815227446,0.6904612941680333,0.8168909780452767
8,Train,3,0.23685265216445414,0.2503815624920114,0.13858211211219304,0.24342927540086529
8,Val,3,0.18992400981179308,0.20896480135883572,0.11048797525195984,0.1989899484629488
8,Train,4,0.6058728492548887,0.7556034861830084,0.5065967042337469,0.6725047241762873
8,Val,4,0.6243092462733086,0.7999060472556798,0.5399809730050887,0.7012826504732057
8,Train,5,0.45571248714888435,0.2686819705289319,0.2034075488273796,0.33805263431763344
8,Val,5,0.431220710222235,0.25551851384359897,0.1911092600305322,0.3208929082505395
8,Train,6,0.34914086838004105,0.30957724594832053,0.19629454786778472,0.32817092619488575
8,Val,6,0.3291499777480354,0.28493277343293044,0.18025395432719404,0.3054494343882
8,Train,7,0.07213033773646382,0.15685299383326898,0.05197724471163328,0.09881818775645507
8,Val,7,0.04722755909028926,0.19829284307269646,0.03965559286423687,0.07628601533285519
8,Train,8,0.04411537868268594,0.02224584510876034,0.015010496850942091,0.02957702336196878
8,Val,8,0.03215610828633756,0.024221095124703215,0.014008620689646785,0.02763017575789264
8,Train,9,0.0,0.0,0.0,0.0
8,Val,9,0.0,0.0,0.0,0.0
8,Train,10,0.0,0.0,0.0,0.0
8,Val,10,0.0,0.0,0.0,0.0
8,Train,11,0.43127932727294205,0.2694499540418684,0.1988092433555209,0.3316778572074685
8,Val,11,0.4289060521648335,0.22243745485579405,0.17161022315657146,0.2929476324634105
8,Train,12,0.11726440869069896,0.08172888015714623,0.050598802395200114,0.09632373411638159
8,Val,12,0.1167481662589903,0.07424684159370822,0.04754200373363563,0.09076867767589983
8,Train,13,0.17416973465843483,0.06624537015203437,0.050411051175731955,0.09598347051370325
8,Val,13,0.1895949461166148,0.06748052429007004,0.05237386439459504,0.09953470744434371
8,Train,14,0.44353122672622386,0.2475791436656784,0.1889021809563902,0.3177758124240525
8,Val,14,0.34196574627006016,0.16569736904930854,0.12563811068549374,0.22323001863208408
8,Train,15,0.35784307606742055,0.5886020903146223,0.28624902790356627,0.44509114280249906
8,Val,15,0.41564415334935695,0.5801594489729677,0.31953289497588466,0.48431212739554863
8,Train,16,0.0,0.0,0.0,0.0
8,Val,16,0.0,0.0,0.0,0.0
8,Train,17,0.05747886784320127,0.24428811316911203,0.0488013763904301,0.0930612332741154
8,Val,17,0.044574536738265225,0.23332126915179421,0.038879842389881396,0.07484954352633952
8,Train,18,0.533762464537871,0.3884871779717481,0.29005852728728815,0.4496827361036061
8,Val,18,0.42056182182724167,0.324579693892745,0.2242816680148814,0.36638899505637845
8,Train,19,0.5022708452038972,0.5504305529296495,0.35616121290689223,0.5252490723579443
8,Val,19,0.44762530317521004,0.532748963895288,0.32143302456188866,0.4864915819547946
9,Train,0,0.7899679889512196,0.5973055576409574,0.5154482229182326,0.6802584362930035
9,Val,0,0.6899330038386032,0.5508315245258474,0.4415297162370194,0.6125849612466707
9,Train,1,0.9344648482575181,0.7783444836627387,0.7380567402279787,0.8492895759227357
9,Val,1,0.9336937427593669,0.7611628573271721,0.7221289173423738,0.8386467538052479
9,Train,2,0.7009969172757633,0.9039741848388027,0.6524152738372211,0.7896504953712066
9,Val,2,0.7055526176626082,0.903166184085821,0.6559335467535232,0.7922220598309883
9,Train,3,0.16715399926089147,0.26320920854494456,0.11387230772288258,0.20446204522260575
9,Val,3,0.13068580010010228,0.22172312918746406,0.08958911631027593,0.16444568402345527
9,Train,4,0.6202411640060905,0.6377745100815775,0.4586675464074885,0.6288856482632615
9,Val,4,0.6361868465387375,0.7111686677472543,0.505560803804407,0.6715913416112524
9,Train,5,0.33548441718483507,0.40459666910853587,0.22459990715182632,0.3668135246545914
9,Val,5,0.3014314879163449,0.3716356184521898,0.19966810408446592,0.33287223430899904
9,Train,6,0.34074175608989704,0.2816364185674981,0.1823004152159653,0.30838255648174834
9,Val,6,0.34792353992989955,0.26611318719415455,0.177557000745421,0.30156841280951846
9,Train,7,0.15101886384515675,0.111159737417921,0.06840997012878063,0.12805939561054125
9,Val,7,0.06685290434441107,0.06509708282518985,0.03410654609787984,0.06596330647311652
9,Train,8,0.07949153742649971,0.05820736861208271,0.0347706223089498,0.06720449737206328
9,Val,8,0.057282475905989845,0.043680778387285284,0.025412501505464643,0.04956541674913362
9,Train,9,0.0,0.0,0.0,0.0
9,Val,9,0.0,0.0,0.0,0.0
9,Train,10,0.0,0.0,0.0,0.0
9,Val,10,0.0,0.0,0.0,0.0
9,Train,11,0.36916522309093414,0.38145227613561206,0.23092692927220787,0.37520817963133024
9,Val,11,0.3806617410856335,0.3501543108541762,0.22307048734569693,0.3647712647819957
9,Train,12,0.1088188369917729,0.11957080247842843,0.06041262617777738,0.11394172804291847
9,Val,12,0.11399017866459722,0.106025267249654,0.0581246670218124,0.10986354669064759
9,Train,13,0.11031006010222685,0.14248504482018803,0.06629700897981118,0.12434998091325686
9,Val,13,0.12191401960384331,0.15858319996823594,0.07402833945605075,0.13785173835237183
9,Train,14,0.2530909793967694,0.30319722295633095,0.16001711362695803,0.2758875000561416
9,Val,14,0.1955935938995491,0.23221124003244692,0.11877802635820402,0.21233528150063194
9,Train,15,0.4118910374037394,0.40306647243587623,0.2558325396815218,0.40743097261548444
9,Val,15,0.45587126979030695,0.3699641072087443,0.2566361865787794,0.4084494561148692
9,Train,16,0.0,0.0,0.0,0.0
9,Val,16,0.0,0.0,0.0,0.0
9,Train,17,0.04568846933079991,0.13225117036432268,0.03515095366741723,0.06791463905324721
9,Val,17,0.03940579710144357,0.10934169783242476,0.02983060516961098,0.05793302901352848
9,Train,18,0.3476615323163554,0.3819639044399007,0.22249865356785675,0.36400637312606227
9,Val,18,0.3277575368728148,0.32894811771198923,0.19642394724658327,0.32835174305492093
9,Train,19,0.33623838888222185,0.569422805302316,0.26807892864197685,0.42281110367323077
9,Val,19,0.3349501814426129,0.5128337009851627,0.25409935549426255,0.40523001847313506
10,Train,0,0.8344047848696048,0.7753114999256779,0.671924135403329,0.8037734691437526
10,Val,0,0.7537323053269225,0.6686244105526982,0.5487453351685206,0.7086321021923331
10,Train,1,0.9161214786719646,0.8464849805472991,0.7855989252554015,0.8799276362534816
10,Val,1,0.9084677833144291,0.8356598575434749,0.7707642155342143,0.870544146254376
10,Train,2,0.7292954825406536,0.9067267652795662,0.6784010106353868,0.8083896544270041
10,Val,2,0.7161133285510162,0.87364809422331,0.6489070969942701,0.7870753835620536
10,Train,3,0.20753155312534333,0.28285648656234996,0.135982154688808,0.23940895788650154
10,Val,3,0.1591521110754059,0.24316315938468563,0.10643096113336034,0.19238608142141908
10,Train,4,0.6694912038423622,0.7363548012526859,0.540040612078129,0.7013329440812676
10,Val,4,0.6315683537241293,0.7569247827871695,0.5250735413563656,0.6885878265355871
10,Train,5,0.5106996141890743,0.21196022119504626,0.17618150809495475,0.2995821723848601
10,Val,5,0.4915397313723097,0.19455313588201964,0.1619588597423689,0.2787686603941783
10,Train,6,0.47231636493682033,0.1496201903364256,0.12819173523157398,0.22725167924419404
10,Val,6,0.36900689895044986,0.12260661863849394,0.10135673110607005,0.18405794631599381
10,Train,7,0.14937853712051305,0.22210065645509805,0.09806935563206222,0.1786214185635579
10,Val,7,0.07578971290050913,0.18769346215159205,0.057070332553745634,0.10797830310847989
10,Train,8,0.0998535449328708,0.10783271539316347,0.054679796479134554,0.10368984791186721
10,Val,8,0.062185686653711617,0.06655625711617166,0.033216241347229454,0.0642967801664405
10,Train,9,0.0,0.0,0.0,0.0
10,Val,9,0.0,0.0,0.0,0.0
10,Train,10,0.0,0.0,0.0,0.0
10,Val,10,0.0,0.0,0.0,0.0
10,Train,11,0.3468921016090544,0.41091384064627634,0.2316777132258554,0.3761985910451317
10,Val,11,0.36318566071303526,0.3752052006039874,0.2263149556400059,0.3690975985151906
10,Train,12,0.1320660066006252,0.15118633821969135,0.07583613814850726,0.14098082929557335
10,Val,12,0.11275014293869325,0.09582118561701086,0.05462906532214824,0.10359862912791921
10,Train,13,0.15390335166943225,0.13965906906045775,0.07900218139432594,0.14643562370018673
10,Val,13,0.1628804646138848,0.12166862856612197,0.07485860764128455,0.13929014379811658
10,Train,14,0.3005810905277809,0.4085805660394045,0.2094509740047188,0.3463571083955287
10,Val,14,0.2851391479041544,0.3402091390917882,0.18360657427497004,0.31024932664194277
10,Train,15,0.39820695256269845,0.41290209879651274,0.2542498745068872,0.4054214021304975
10,Val,15,0.4465602235254262,0.38672525801437513,0.26142733611092434,0.4144944785795031
10,Train,16,0.0,0.0,0.0,0.0
10,Val,16,0.0,0.0,0.0,0.0
10,Train,17,0.0779510301208494,0.0791776918379708,0.04088577077954654,0.07855956787048377
10,Val,17,0.05968555900619187,0.07419471588849712,0.034208477027471686,0.06615392395667376
10,Train,18,0.5227505099287775,0.3442016063454915,0.2619012851410806,0.41508996813622634
10,Val,18,0.41875320685548384,0.28421475692771037,0.2038109568149658,0.33860956782602103
10,Train,19,0.46289877137864005,0.5980652669104618,0.35306273247735465,0.5218719290319518
10,Val,19,0.42561412644513447,0.62167206865064,0.3380535542398142,0.5052915108528233
11,Train,0,0.5444209024316604,0.870154119943201,0.5035155906720103,0.6697843244677977
11,Val,0,0.4945141595858483,0.8740944024612275,0.4616319290222672,0.6316664496485999
11,Train,1,0.9082533035982201,0.4863362586740543,0.4635628158608705,0.6334717000365887
11,Val,1,0.8979464295252576,0.5581936217122838,0.5248943638255683,0.6884337337362108
11,Train,2,0.5331204702188701,0.6265750242782283,0.4045754703930564,0.5760822048119698
11,Val,2,0.5501414088797385,0.7267772152031235,0.4558608332719483,0.6262423155892225
11,Train,3,0.027084310743370005,0.2584364870728027,0.025131205552304144,0.04903022078734984
11,Val,3,0.03425200266057334,0.22353496272525744,0.03061010877908385,0.05940191607071798
11,Train,4,0.645073411084764,0.22227286074794553,0.19805172705186022,0.3306229944775413
11,Val,4,0.7412145590110618,0.3197440422533378,0.2876341527485335,0.44676377901825615
11,Train,5,0.3011007787940597,0.28159744056841224,0.17029056883747795,0.29102270914511086
11,Val,5,0.2894836949923279,0.26555690027692685,0.1607691892766528,0.2770045722531652
11,Train,6,0.05076266138791338,0.21748419258075175,0.04292296078136949,0.0823128088944971
11,Val,6,0.07273846249726772,0.17985514504754405,0.05462118508724913,0.10358445989365134
11,Train,7,0.21230726295952965,0.12106624229160115,0.08354152367878058,0.15420086696666832
11,Val,7,0.09412013536369064,0.08348184973259216,0.04628907265821694,0.08848237310603622
11,Train,8,0.12684638109299906,0.07124893048819746,0.04780377489779111,0.09124565807042626
11,Val,8,0.13015238571039184,0.053928164786198184,0.03964087346873648,0.07625877805860828
11,Train,9,0.0,0.0,0.0,0.0
11,Val,9,0.0,0.0,0.0,0.0
11,Train,10,0.0,0.0,0.0,0.0
11,Val,10,0.0,0.0,0.0,0.0
11,Train,11,0.4468902974770229,0.27558415171009865,0.2054931894262809,0.34092799259989204
11,Val,11,0.44722977094978245,0.2647580274475459,0.19948051948047016,0.3326115154668608
11,Train,12,0.14163571649638593,0.11065437509442025,0.06623606889563138,0.12424277925400135
11,Val,12,0.14663560367254128,0.10398445092312537,0.06478174002538913,0.12168078208957475
11,Train,13,0.08537102746065824,0.12847850771066474,0.05406288305863701,0.10257999100334204
11,Val,13,0.09080270991581905,0.11699974870050167,0.05387955975417046,0.10224993295042102
11,Train,14,0.27557976184114963,0.2603834767089936,0.15457854794496126,0.267766182449809
11,Val,14,0.21477512583209235,0.18948574702762838,0.11193853027789369,0.20133941663294086
11,Train,15,0.44251718359823483,0.04097695214733164,0.03896544914574232,0.07500816965928325
11,Val,15,0.5393648600712676,0.06460702425279187,0.06122864203391777,0.11539198735307753
11,Train,16,0.0,0.0,0.0,0.0
11,Val,16,0.0,0.0,0.0,0.0
11,Train,17,0.07436579378061133,0.009248422552410792,0.008293690178764013,0.016450939379365245
11,Val,17,0.08122847301928465,0.011380544496717987,0.010082656405867862,0.019964020277325276
11,Train,18,0.47849805582958954,0.039207574266135845,0.037600842769647404,0.07247650636632556
11,Val,18,0.527936230111394,0.054832534627615635,0.052269773414133275,0.09934671476425666
11,Train,19,0.35811473703385405,0.11130599538761873,0.09279327392012207,0.16982767767317614
11,Val,19,0.529266878274775,0.17053520907295502,0.14807580624540917,0.2579547505903792
12,Train,0,0.8341927683767681,0.6615585009799474,0.5846770847383963,0.7379132145726679
12,Val,0,0.7619168022695108,0.5723457952512244,0.48551354717268824,0.6536642421847022
12,Train,1,0.8868610583556931,0.8658390062607036,0.7797140466361576,0.8762239570578788
12,Val,1,0.8829995832258277,0.8441839108375448,0.7592556882272904,0.8631555821160173
12,Train,2,0.7202105997829363,0.8996886430827298,0.6666762696962214,0.8000069092028195
12,Val,2,0.6952515585284088,0.9090177416712663,0.6500188810642681,0.7878926531958168
12,Train,3,0.17313237473772697,0.22956024603760855,0.1095040517375694,0.19739278797004667
12,Val,3,0.14009982890511447,0.18699631971309108,0.08706655652998409,0.16018624314245922
12,Train,4,0.6642760814094273,0.6905267284464937,0.511883885980991,0.6771470837796011
12,Val,4,0.6743034999368348,0.6928422397995577,0.5191186884968606,0.6834471705610006
12,Train,5,0.4492401322556093,0.2902326048763996,0.21406431360923148,0.35264080875258513
12,Val,5,0.4424336090038764,0.27844642605226505,0.20611836609065393,0.341787952204837
12,Train,6,0.565808195788195,0.2145331146550306,0.18420723487637597,0.31110641294975816
12,Val,6,0.5800618605754342,0.18784913510802717,0.1653610065452292,0.2837936115299386
12,Train,7,0.12366232406652583,0.3383727869504002,0.09958316745895489,0.18112893731133048
12,Val,7,0.0679736757328759,0.27708470124727785,0.057734779634504504,0.10916683288272912
12,Train,8,0.15550118971812804,0.2406077419688764,0.10430833904705067,0.18891161594184305
12,Val,8,0.14443005181336757,0.20774246972341603,0.09313225058000318,0.17039520677583594
12,Train,9,0.0,0.0,0.0,0.0
12,Val,9,0.0,0.0,0.0,0.0
12,Train,10,0.0,0.0,0.0,0.0
12,Val,10,0.0,0.0,0.0,0.0
12,Train,11,0.44757295173955564,0.30867398771222404,0.22351680071741278,0.365367762225634
12,Val,11,0.4616598118201241,0.2690262000130445,0.20478344538020024,0.3399506249239907
12,Train,12,0.15535115165674393,0.12455795677795843,0.07426429511090551,0.1382607479290163
12,Val,12,0.146009389671133,0.09067055393577193,0.05924938083440703,0.11187049887033085
12,Train,13,0.17548333376699957,0.09786074723297075,0.06703694039586816,0.12565064133303872
12,Val,13,0.18801576723472535,0.08769029322680602,0.06360322333076904,0.1195995266442738
12,Train,14,0.26374972548588543,0.45648397528215984,0.2007173419438713,0.33432904172448535
12,Val,14,0.2505560784924876,0.3990927756290504,0.18192384542719162,0.3078435947133119
12,Train,15,0.37008633494690507,0.5182565946693325,0.27535933311122257,0.43181450570450663
12,Val,15,0.4118320057928997,0.4769548153366154,0.2837032972514572,0.44200758020465547
12,Train,16,0.0,0.0,0.0,0.0
12,Val,16,0.0,0.0,0.0,0.0
12,Train,17,0.08310671332525214,0.2033253612863572,0.0626921990711661,0.1179874980492582
12,Val,17,0.06230361673874784,0.1905738528973376,0.049266563399897156,0.09390666427417131
12,Train,18,0.47373888399505915,0.3892714653232209,0.2717562008898363,0.42737153166740166
12,Val,18,0.3802670752519354,0.3343032424239733,0.2164021190276503,0.35580687112286585
12,Train,19,0.4113576001391876,0.5622302409215854,0.3115647549812124,0.4751038796944558
12,Val,19,0.40209462469373936,0.5721305165106557,0.30913528240572663,0.472274001605861
13,Train,0,0.7290135160219486,0.7512624451004434,0.587264774087654,0.7399707719941596
13,Val,0,0.6704999203447636,0.6476285768200606,0.49127509812165415,0.6588658189402845
13,Train,1,0.919539125716843,0.8077329359198011,0.7544127854474876,0.8600174227382968
13,Val,1,0.9206090409445871,0.813694648203731,0.7603408207942671,0.8638563707987771
13,Train,2,0.6832978500879444,0.5339488229815146,0.4280218561146627,0.5994612067953992
13,Val,2,0.7225149565821951,0.537850369770863,0.445770352855987,0.6166544340027061
13,Train,3,0.2617135934258575,0.233771470865969,0.14087180133928826,0.2469546505239306
13,Val,3,0.19089552781918584,0.19801830706800075,0.10765994561591426,0.1943916872209711
13,Train,4,0.6964259109533233,0.7019882184066503,0.5375106501119352,0.6991959974119024
13,Val,4,0.6689992141487575,0.7673992441459291,0.5562128967478936,0.7148287924331758
13,Train,5,0.4938197236347981,0.24047992583612246,0.1929242431137466,0.3234475979511565
13,Val,5,0.474855017280699,0.24075050303303008,0.1901291177539732,0.3195100636742331
13,Train,6,0.5092195073696202,0.2777196314119706,0.21907996373988828,0.35941852457953216
13,Val,6,0.508589989433527,0.2503370959663578,0.20157900451362604,0.3355235088167839
13,Train,7,0.3871957671955623,0.1455739009349223,0.11831468667139004,0.21159461797427254
13,Val,7,0.17313868613088135,0.05562329987800804,0.04394871414804421,0.08419707142936535
13,Train,8,0.20562839782473416,0.016671420052369348,0.015662679950304324,0.030842285642497747
13,Val,8,0.22140762463018462,0.01562985198218028,0.01481554160124135,0.0291984905016741
13,Train,9,0.0,0.0,0.0,0.0
13,Val,9,0.0,0.0,0.0,0.0
13,Train,10,0.0,0.0,0.0,0.0
13,Val,10,0.0,0.0,0.0,0.0
13,Train,11,0.5016170212765104,0.2851337622756243,0.2221887133863443,0.36359149471537305
13,Val,11,0.49810844892779044,0.24640488541590175,0.19739610731188917,0.3297089466970939
13,Train,12,0.18516796466338184,0.09629741574728842,0.06763613204541606,0.12670258641925675
13,Val,12,0.1356653273454605,0.05578231292511585,0.0411558041155509,0.07905791199189077
13,Train,13,0.17335900256691672,0.16463938880564744,0.09223171735441268,0.16888671727836527
13,Val,13,0.18559995084256026,0.15980001851678288,0.09393416367339227,0.17173640621732042
13,Train,14,0.43909083449575614,0.31780402124948204,0.2260384348130907,0.3687297647584023
13,Val,14,0.39135885813477106,0.27126963663273923,0.1907825806624808,0.3204322617436196
13,Train,15,0.43609033002939673,0.538783441196941,0.31754739768028434,0.4820280393434798
13,Val,15,0.465990510747414,0.5209810696275365,0.32621936063864493,0.49195384566893274
13,Train,16,0.0,0.0,0.0,0.0
13,Val,16,0.0,0.0,0.0,0.0
13,Train,17,0.09212642256308046,0.1515876246692256,0.0607847538207237,0.11460336530608235
13,Val,17,0.0627620967741809,0.12518598946389786,0.043627547159228126,0.08360749954659998
13,Train,18,0.4500788997818048,0.3903295229671524,0.264286637501799,0.4180802462316336
13,Val,18,0.3972083539341772,0.3686351769271838,0.23639099877526548,0.3823887361243355
13,Train,19,0.45674080351571783,0.6503964807593329,0.36671015785202454,0.5366319295030673
13,Val,19,0.4127362148519685,0.618475775584701,0.32897624068093173,0.4950821954833175
14,Train,0,0.8446273600384939,0.7987969046083033,0.6964580123235855,0.8210730864264915
14,Val,0,0.7371437930793212,0.671410731522252,0.5417151252003761,0.7027434738101503
14,Train,1,0.8893474051772203,0.8771376780885763,0.790831499691535,0.883200340569046
14,Val,1,0.8779389762254304,0.8653726107035885,0.7724376236349316,0.8716104972088594
14,Train,2,0.7573056533189069,0.9106804356349796,0.7049447793254051,0.826941474759091
14,Val,2,0.7513770935395363,0.8964454573946252,0.691368579420799,0.8175256223122024
14,Train,3,0.19831918466071957,0.3448661340955899,0.14404961919950568,0.2518240714915013
14,Val,3,0.14807554018421498,0.32645088232512476,0.11342295081966468,0.20373739978311964
14,Train,4,0.7338016307076275,0.6672270028634136,0.537199328901747,0.6989325521644972
14,Val,4,0.706877262073238,0.7130449012296988,0.5503247265818453,0.7099476816311359
14,Train,5,0.40863610878457646,0.38271702981464895,0.246301683342944,0.39525210231583313
14,Val,5,0.3758359964418364,0.3388029669668526,0.2168114261821396,0.35635993956522555
14,Train,6,0.49049418632743197,0.27378665918555245,0.21316330002393347,0.3514173190544925
14,Val,6,0.45113355616899753,0.23918403513498496,0.18527028841703566,0.31262115914607985
14,Train,7,0.19200812328273897,0.3197334394270301,0.1363193025011122,0.23993132834622014
14,Val,7,0.11276534827595698,0.2586061345087153,0.08521620869777602,0.15704926948220438
14,Train,8,0.2783145065396267,0.09709870621481058,0.07756835128415958,0.14396924172001224
14,Val,8,0.1874566874560379,0.05599834385668564,0.04506080293182987,0.08623575002428877
14,Train,9,0.0,0.0,0.0,0.0
14,Val,9,0.0,0.0,0.0,0.0
14,Train,10,0.038458852582860574,0.08813944014431588,0.027512227909151175,0.0535511402953184
14,Val,10,0.028090465704931147,0.05971128608921272,0.019475516493548187,0.038206928877325436
14,Train,11,0.45103145686862384,0.3401577088674626,0.24056080905394325,0.38782589979911736
14,Val,11,0.45010095183133825,0.3074069210058745,0.22347662123774414,0.36531408023385376
14,Train,12,0.15485478977022246,0.17276711500674846,0.08892207650781897,0.16332128021283665
14,Val,12,0.13881387058427264,0.12487852283758515,0.07036469170952231,0.13147797117385424
14,Train,13,0.17520722376415052,0.13557065483553343,0.08275573428524426,0.1528613130403118
14,Val,13,0.17701239254211287,0.12582168317746692,0.07938349077071336,0.1470904249103762
14,Train,14,0.37870668833293386,0.38131790795251286,0.23457385496984579,0.38000780745380935
14,Val,14,0.34640322004993196,0.33367712362122587,0.20476201638516867,0.3399210974275021
14,Train,15,0.5501098955239763,0.20294032115396718,0.17405302450771196,0.29649942304673355
14,Val,15,0.5481487088095263,0.17815124171167043,0.15533906749370502,0.26890645305003014
14,Train,16,0.0,0.0,0.0,0.0
14,Val,16,0.0,0.0,0.0,0.0
14,Train,17,0.10070123812355404,0.16368562996130628,0.06649096969226848,0.12469110206631959
14,Val,17,0.07305894631754026,0.12948888084604918,0.04899499398973707,0.09341320378364906
14,Train,18,0.5062069379542936,0.40669833706625447,0.29118001897345325,0.4510293088571132
14,Val,18,0.388605449307302,0.3552583163225038,0.22788608856733852,0.3711844081069149
14,Train,19,0.5033808009485752,0.760414002145433,0.43447267443768084,0.6057594246891509
14,Val,19,0.4093100699641308,0.6180670779173149,0.3266817705301557,0.4924794696166581
15,Train,0,0.8858006226028498,0.7378702016061631,0.6737753905737828,0.8050965383032702
15,Val,0,0.825871263523039,0.6450181144206976,0.567799029465435,0.7243262879156026
15,Train,1,0.9080495668364044,0.8635693796387028,0.7941259963027765,0.8852510843238143
15,Val,1,0.9075606238415059,0.8330922058750944,0.7679299600618759,0.868733460032842
15,Train,2,0.8348354144045066,0.901696580864287,0.7651920837366729,0.8669788250017824
15,Val,2,0.8365189990834749,0.9038999662654608,0.7681982972182424,0.8689051380865047
15,Train,3,0.2842024729139276,0.2939077614149565,0.16888907140049134,0.28897364619336463
15,Val,3,0.21643481590195005,0.25605360007544475,0.13287692699456105,0.23458315906350616
15,Train,4,0.7364274601487755,0.8069873464137212,0.6261412211268435,0.7700945144679354
15,Val,4,0.7449031339289902,0.8102084029867266,0.6342333388548326,0.7761845505133074
15,Train,5,0.44769763445207306,0.3445216624636094,0.24176631553566727,0.3893909980632919
15,Val,5,0.42191742214285105,0.33345708070058333,0.22888434743165836,0.3725075429269393
15,Train,6,0.5034854132319813,0.30316256285200893,0.23338774187920333,0.3784499084291203
15,Val,6,0.4645929150719852,0.25490233848282645,0.19702519206714952,0.3291913831629566
15,Train,7,0.4079366581494565,0.2572508454346017,0.1873144164892036,0.31552621794501706
15,Val,7,0.1610692254967317,0.13225776193590444,0.07831158011659077,0.1452485142342856
15,Train,8,0.21168822218643918,0.23892245067275822,0.1264320504904814,0.22448233362965894
15,Val,8,0.12240534521147224,0.14222130214248813,0.07041820418200573,0.1315713825602296
15,Train,9,0.0,0.0,0.0,0.0
15,Val,9,0.0,0.0,0.0,0.0
15,Train,10,0.055951919348577496,0.06298376302158194,0.030534728051178253,0.05925996408017962
15,Val,10,0.04211339269487456,0.040551181102344465,0.02109455000568413,0.04131752040736604
15,Train,11,0.372124752925504,0.41166852111650026,0.24293014359529286,0.3908991052275349
15,Val,11,0.36721798922122056,0.38925733797347517,0.2329822354975175,0.37791660854486053
15,Train,12,0.1511019889556392,0.18691249811086993,0.09117313164372726,0.1671102894717703
15,Val,12,0.13765567069099946,0.14071914480064068,0.07478952533439658,0.13917054620427802
15,Train,13,0.23406135882583723,0.10951653685558105,0.08062289189124013,0.14921558695387044
15,Val,13,0.24984759195277048,0.09757033078946427,0.07546339866605882,0.14033652207509878
15,Train,14,0.413231236630796,0.39581780550597023,0.2533975876129867,0.4043371185411639
15,Val,14,0.36181521716109083,0.32633338108195326,0.2071168380922239,0.34315954934367454
15,Train,15,0.4495266009362769,0.5177678762559575,0.3168638225059826,0.4812400702560397
15,Val,15,0.4743860578496684,0.4926447731821532,0.3186897601799622,0.48334303716883276
15,Train,16,0.0,0.0,0.0,0.0
15,Val,16,0.0,0.0,0.0,0.0
15,Train,17,0.09058356487936914,0.33468603704453304,0.07676125787044107,0.14257804226212778
15,Val,17,0.07054505276364781,0.30297181002923435,0.0606944332554531,0.11444282109452011
15,Train,18,0.4803818599846707,0.4896867402110121,0.3201230154324407,0.4849896689780409
15,Val,18,0.37680426783803556,0.4073234889568304,0.24337124248267364,0.39146995050811545
15,Train,19,0.4604121825723068,0.6853233873601333,0.3800645501979777,0.5507924202911307
15,Val,19,0.4432125239779876,0.6779455778450165,0.36612621016152236,0.5360064160581849
16,Train,0,0.8913891635764012,0.6589919326128044,0.6100113630401212,0.7577727376453677
16,Val,0,0.8368284719280524,0.5513689799313743,0.4978454437636502,0.6647487459406175
16,Train,1,0.8971720228184472,0.879908255535375,0.7992994515139745,0.8884562781849346
16,Val,1,0.8939235267567517,0.859616384397326,0.7800473055425793,0.8764343494302753
16,Train,2,0.7352506622430067,0.9361604166425385,0.7001460764021891,0.8236304890869965
16,Val,2,0.7315862677712388,0.9249702111362783,0.6906035879413055,0.8169905573350399
16,Train,3,0.23068257903402803,0.2602843214823378,0.13933566146934512,0.24459106011245657
16,Val,3,0.18295286348625428,0.2426158346701439,0.11644654600792467,0.20860209328970672
16,Train,4,0.7156049652162024,0.6842293743860624,0.5379475645159999,0.6995655418750983
16,Val,4,0.6955777409356207,0.7078718574852446,0.5404415407614139,0.7016709464267898
16,Train,5,0.47780877561039864,0.3469738027785465,0.25157552718320236,0.40201413125932894
16,Val,5,0.45260233096195945,0.31082616217337666,0.22590306183017872,0.3685496282778723
16,Train,6,0.4810739436619226,0.25356071559592064,0.19910359114265866,0.33208738578237573
16,Val,6,0.44595914222083277,0.21992140848321842,0.17272837302185048,0.29457523907733674
16,Train,7,0.233001795501768,0.39238114183401784,0.1712224720271377,0.29238248646799475
16,Val,7,0.13180390788549728,0.2834630897661725,0.098864788824517,0.1799398569308848
16,Train,8,0.2150027488749537,0.27376908916480236,0.1369147184294632,0.24085309726200566
16,Val,8,0.15018050541504196,0.19376876099762572,0.09242618741972329,0.16921268603196943
16,Train,9,0.0,0.0,0.0,0.0
16,Val,9,0.0,0.0,0.0,0.0
16,Train,10,0.08753057993954916,0.10619507652911218,0.05040014914963641,0.09596370790466921
16,Val,10,0.08473011708687522,0.07629046369200512,0.04182354492912496,0.08028910948553589
16,Train,11,0.5028852627191193,0.303546030670959,0.23348565134554106,0.37857862099252704
16,Val,11,0.4983884963428174,0.26400288922441917,0.20858084096386384,0.3451665476702347
16,Train,12,0.1683987209444815,0.16554329756682318,0.09108295084146693,0.1669587963842713
16,Val,12,0.15197069226863066,0.11690962099114002,0.07075222019639431,0.1321542299524974
16,Train,13,0.20874975026598605,0.16298878678937365,0.10074738147399635,0.18305267940572717
16,Val,13,0.21108389705306527,0.14362426759425137,0.0934573808868,0.1709392243092822
16,Train,14,0.336693508821271,0.45851508933634066,0.24090502029773805,0.3882730963736069
16,Val,14,0.30922698724165604,0.4048226137611226,0.21258105119576087,0.35062571365270967
16,Train,15,0.4657510537904787,0.49273654038523773,0.3148067587400738,0.4788639142033747
16,Val,15,0.4660839152642838,0.4446457124327659,0.29459264044377587,0.4551124855894469
16,Train,16,0.0,0.0,0.0,0.0
16,Val,16,0.0,0.0,0.0,0.0
16,Train,17,0.08516038788563934,0.13786128638304782,0.05556723496987281,0.10528411765242807
16,Val,17,0.05355576739751124,0.11296095226600998,0.03770064959466934,0.07266189405454207
16,Train,18,0.38486695760146805,0.483659717792418,0.27278655586594586,0.4286446167551754
16,Val,18,0.32707275062274094,0.4250501563827783,0.22675288135276225,0.36967979743056095
16,Train,19,0.4409585468093786,0.6786157195041423,0.364780462121164,0.5345628384744152
16,Val,19,0.4175271804723417,0.6623978998618043,0.34426722861459613,0.5122005775317708
17,Train,0,0.862316173199659,0.7323349646795014,0.6556677020315737,0.7920281311465739
17,Val,0,0.7911039240738721,0.6183011963322605,0.5315215789623419,0.6941091558778004
17,Train,1,0.903538738245766,0.8503624716622882,0.7795881858143768,0.8761444783504669
17,Val,1,0.8892906489710714,0.8368224871830835,0.7578695354445889,0.8622591333119592
17,Train,2,0.7989954499282931,0.8878936423299806,0.7257775707215935,0.8411020965067524
17,Val,2,0.8269593872274589,0.8835477956988779,0.745684400841115,0.8543175342832738
17,Train,3,0.25312307490329056,0.2558842296010691,0.14580097609781495,0.2544961581895988
17,Val,3,0.18431612596065697,0.20458620364250174,0.10737244569469107,0.19392290886633531
17,Train,4,0.7245484839226161,0.7935579100192703,0.6096381223828647,0.7574846916083126
17,Val,4,0.7191726036347129,0.8447409739767707,0.6352103651874241,0.7769157713881565
17,Train,5,0.39751477007489544,0.3273615424011149,0.218801318965104,0.3590434512040473
17,Val,5,0.3543870540855964,0.32211192206883404,0.2029927427392204,0.33747957494134284
17,Train,6,0.3159305542306441,0.35735557521740013,0.20146725145842478,0.33536868894523264
17,Val,6,0.2932981139368478,0.3507724313286684,0.19010136651666754,0.3194708768741293
17,Train,7,0.4939242315937435,0.1924408195742605,0.1607457379282575,0.276969762341154
17,Val,7,0.12447129909327954,0.03864553043800896,0.030385721660867036,0.058979310678039035
17,Train,8,0.16937486964597384,0.23161087920344536,0.10844046275051186,0.19566312073643746
17,Val,8,0.12559402579759704,0.17234240761808056,0.07834188114615426,0.14530063217681688
17,Train,9,0.0,0.0,0.0,0.0
17,Val,9,0.0,0.0,0.0,0.0
17,Train,10,0.08833832317182963,0.10603503462723243,0.050630449129872475,0.09638107589018997
17,Val,10,0.06779100529097727,0.07174103237092225,0.03611380251914998,0.06971010296963277
17,Train,11,0.3512615554580469,0.4183735668327204,0.23601104707011197,0.3818914799556518
17,Val,11,0.35199712557627644,0.385974128307707,0.22564299424179932,0.36820345279048866
17,Train,12,0.10451749734886437,0.14894967507929607,0.06543880382964858,0.12283915512121095
17,Val,12,0.09549364691019217,0.1175898930999829,0.055629626224056074,0.10539610149503145
17,Train,13,0.17330481033947764,0.20484152406794656,0.10360543843232044,0.18775811007177914
17,Val,13,0.19116706060563993,0.19361963839324486,0.1064306227052887,0.19238552830197056
17,Train,14,0.4045332607596748,0.3089728323647836,0.21238117982286506,0.3503538002417789
17,Val,14,0.3474492810714533,0.252685861624385,0.17136195842237087,0.2925858302548392
17,Train,15,0.291300723328879,0.799891014447483,0.27151418337296995,0.42707220168709964
17,Val,15,0.3214303910125259,0.7830364630505431,0.29514429467689623,0.4557705164091348
17,Train,16,0.0,0.0,0.0,0.0
17,Val,16,0.0,0.0,0.0,0.0
17,Train,17,0.09763403305804576,0.20483920211680684,0.07080042914680379,0.13223832355483162
17,Val,17,0.07209160829340987,0.18582860819552585,0.054786887189512745,0.10388237800586823
17,Train,18,0.5713800338425896,0.31930956898501767,0.2576054314469173,0.4096760750441909
17,Val,18,0.4240819694677413,0.2701435918102701,0.19763745208885997,0.33004553906906064
17,Train,19,0.5159249260792848,0.35688323558226437,0.2673579893824824,0.421913916287471
17,Val,19,0.4523254800309618,0.40083403375353877,0.26986215510995026,0.42502589885197734
18,Train,0,0.8483459868351058,0.8015154503920109,0.7010651631283134,0.824266082305507
18,Val,0,0.7143423200947976,0.7093272718111538,0.5525852426712948,0.7118259578960455
18,Train,1,0.9178110366197905,0.8135568154788451,0.7583114645383798,0.8625450899367515
18,Val,1,0.9252363358472769,0.8063265836618954,0.7570038686106324,0.8616985742182153
18,Train,2,0.6464426989727865,0.9413974002855467,0.6214352269882847,0.7665248820686442
18,Val,2,0.6153642505110646,0.9371176347829139,0.5909621783375649,0.7428990865747794
18,Train,3,0.26314175703005055,0.22779918838211236,0.1390808144082781,0.24419832169252928
18,Val,3,0.18897783024084458,0.19337548362740525,0.10567571191351778,0.19115136203326494
18,Train,4,0.6733681397597888,0.4973903562053831,0.4007108465492498,0.5721535520536138
18,Val,4,0.6662081709857541,0.5390954861772301,0.4244497881344119,0.5959490999943058
18,Train,5,0.3315866742496801,0.44695240935345754,0.23511833714149102,0.3807219552187104
18,Val,5,0.28991926584784766,0.41940705211493506,0.206887079583779,0.3428441320930409
18,Train,6,0.3583618079216698,0.3977696972312524,0.23231537089668608,0.37703882189705584
18,Val,6,0.3451270847764081,0.37429209847047534,0.2188570012614639,0.3591184166687341
18,Train,7,0.466281114718457,0.27425900139242604,0.20873264598564614,0.3453743784619259
18,Val,7,0.18234323432313146,0.10364881343203859,0.07076075819667599,0.1321691240190469
18,Train,8,0.1189925413468557,0.14270528144360947,0.06938981341401042,0.12977458713759796
18,Val,8,0.08265195547228582,0.0868440120069487,0.0442207347282748,0.08469613875423512
18,Train,9,0.0,0.0,0.0,0.0
18,Val,9,0.0,0.0,0.0,0.0
18,Train,10,0.09098141829173972,0.07487051155210457,0.04283086552306401,0.08214345078691443
18,Val,10,0.06121277816740342,0.041994750656149604,0.0255434638001156,0.04981448807737026
18,Train,11,0.5423507639744372,0.22116975472882577,0.1863849841818445,0.31420657581778233
18,Val,11,0.5287114204592648,0.18953969400479692,0.16214470284233173,0.27904390939997686
18,Train,12,0.1967895362662196,0.09004080398969623,0.06584298470513973,0.12355099832608767
18,Val,12,0.1790216843162405,0.06899902818263459,0.052413996751769956,0.09960717892429344
18,Train,13,0.15486827897413888,0.11914807169779403,0.07220207083030904,0.13467996408445623
18,Val,13,0.16066163866983876,0.12397000277750421,0.07524041934913583,0.13995087117585014
18,Train,14,0.48590760378340186,0.2266859879855379,0.18283564216052137,0.3091480051459728
18,Val,14,0.3976730791382565,0.1648378933294977,0.13190533322124334,0.23306777873536913
18,Train,15,0.38602693242704683,0.5650894166210018,0.2976080403934112,0.4587025172472609
18,Val,15,0.40273762285628634,0.5068397571366218,0.2893504835466452,0.4488313830225091
18,Train,16,0.0,0.0,0.0,0.0
18,Val,16,0.0,0.0,0.0,0.0
18,Train,17,0.10741998927229697,0.1910746997760799,0.07383992173557866,0.13752500306095788
18,Val,17,0.07988410596024653,0.1397032211363897,0.05354418088499661,0.10164581498919288
18,Train,18,0.5059392408299317,0.43290623809048134,0.3042759030992967,0.4665821075668111
18,Val,18,0.38823575970576135,0.3330405719141742,0.2184173122764111,0.3585262734655789
18,Train,19,0.602912747395845,0.48458512330182485,0.3673451181065302,0.5373114802754826
18,Val,19,0.46806852137116584,0.36633572499598654,0.25865352296782934,0.4110003510069718
19,Train,0,0.8667086720071637,0.8073618484411931,0.718188436413708,0.8359833146388475
19,Val,0,0.7569775908933021,0.7245891775845511,0.5878426686031308,0.7404293589774382
19,Train,1,0.8730346246160751,0.894527792642397,0.7915536830585173,0.8836505275454147
19,Val,1,0.8693914192313515,0.8765060583866777,0.7745193540977473,0.8729342375139373
19,Train,2,0.6621550390651934,0.933966028677261,0.6325418428079396,0.7749165408918225
19,Val,2,0.6187124314227345,0.9206632612990044,0.5873945561479536,0.740073789540458
19,Train,3,0.16573653676377526,0.42931012480536845,0.13581437109309807,0.2391488825413859
19,Val,3,0.12411695566298761,0.3866377276586984,0.10369875425834567,0.18791133328354448
19,Train,4,0.7260575109963341,0.4205577177336516,0.3629637229245364,0.5326095091954381
19,Val,4,0.7175273343150315,0.48529131698893463,0.40744930083595987,0.5789896619458993
19,Train,5,0.35317834798496056,0.4652275806629293,0.25119845002213786,0.4015325417775718
19,Val,5,0.3129897911636213,0.43888241277663553,0.22353826547011774,0.36539643884555195
19,Train,6,0.3690699807792914,0.3646496471654349,0.22462462861661853,0.36684649370298283
19,Val,6,0.30425665347072,0.2990522787686753,0.1776010982096691,0.3016320136519553
19,Train,7,0.37484116899611697,0.39317684503672307,0.23746305596267903,0.3837901288875703
19,Val,7,0.1132511556239279,0.11030860144441393,0.05918767929938135,0.11176050818679016
19,Train,8,0.1374210521129817,0.36161165703016374,0.11059129510834644,0.19915749993598936
19,Val,8,0.07708232392191469,0.18114066866765224,0.05716338929899485,0.10814484811692245
19,Train,9,0.0,0.0,0.0,0.0
19,Val,9,0.0,0.0,0.0,0.0
19,Train,10,0.10612374789736076,0.10188849444216641,0.05483173867426245,0.10396300002725781
19,Val,10,0.07373903508766876,0.04706911636043435,0.02957994281943326,0.05746021098646775
19,Train,11,0.4069581835752547,0.36261429055194594,0.2372475786541598,0.383508652050658
19,Val,11,0.41190345815238955,0.3210650732154701,0.22014858171989643,0.360855361411835
19,Train,12,0.1480785356966868,0.15478313435086755,0.08187443042830482,0.15135661851721335
19,Val,12,0.14092337442574215,0.11331389698725625,0.06701919760888204,0.12561947361948675
19,Train,13,0.15116908184303482,0.1500125155537443,0.08142513680139565,0.15058857303559248
19,Val,13,0.15738096317449304,0.13775179546865532,0.0792804999657393,0.14691361009855142
19,Train,14,0.43704068105942606,0.3455863357098849,0.23913436565078247,0.3859700275032773
19,Val,14,0.3929514255543304,0.2842954686529834,0.1975382369529745,0.3299071844900722
19,Train,15,0.5239637406893551,0.32733228409214726,0.2523004362325997,0.4029391445840172
19,Val,15,0.5200155254513169,0.30710587814341117,0.23927878512790327,0.38615811890993684
19,Train,16,0.0,0.0,0.0,0.0
19,Val,16,0.0,0.0,0.0,0.0
19,Train,17,0.09499471009849175,0.2432958477508341,0.07332924351059877,0.1366388585539946
19,Val,17,0.07440787182165413,0.20617686089990503,0.0578380939488225,0.10935150136552585
19,Train,18,0.5365128382067144,0.4235919341701315,0.31011108770863527,0.47341189214884527
19,Val,18,0.4236473427788944,0.36271716180580105,0.24287036276603055,0.3908217090911965
19,Train,19,0.5865511105563234,0.6898168696673753,0.46413589942019173,0.6340065781702537
19,Val,19,0.48889199032268144,0.5111421284102947,0.3331285056833204,0.49976952849177364
20,Train,0,0.9085703506880919,0.6807395997648379,0.6370965809894085,0.7783249740778656
20,Val,0,0.8692025739060302,0.5517992406466444,0.5094936225324631,0.6750523637088789
20,Train,1,0.8637964708087504,0.8922810325427885,0.7822257917895392,0.8778077288957992
20,Val,1,0.8520459180700386,0.8669891924301434,0.7535439647879281,0.8594526006030657
20,Train,2,0.8924875301828696,0.7677277397175275,0.7027362801727005,0.8254199832620265
20,Val,2,0.8824999559501107,0.7118061139538988,0.6501859782510621,0.7880153906797572
20,Train,3,0.20117494073918507,0.28981904494523925,0.13474860865540614,0.23749508020224164
20,Val,3,0.17538089721067693,0.26569783901099076,0.11812582859251555,0.2112925448884231
20,Train,4,0.6108496448039108,0.8780424727632604,0.563075386299221,0.7204711781055309
20,Val,4,0.5761005023064659,0.8719125026274199,0.5311485947640477,0.6937910440727345
20,Train,5,0.4107383950803704,0.4274811510959199,0.2649761807649856,0.41894255659985985
20,Val,5,0.3824926874509251,0.3980754809441133,0.24233521214612963,0.3901285364404787
20,Train,6,0.43716757206938756,0.24920693152634663,0.1886727716827384,0.3174511495990726
20,Val,6,0.36807655248019133,0.21339137804826958,0.15617554593769387,0.27015887647948406
20,Train,7,0.3477422993763752,0.441515814601066,0.24150988563777961,0.38905833190966654
20,Val,7,0.08380208333328969,0.15092392833678742,0.05695172023217579,0.10776597779383941
20,Train,8,0.17670979271670822,0.4281417718892302,0.142965983567514,0.2501666423310564
20,Val,8,0.12312695537620487,0.3095952799913988,0.09660228667395626,0.17618472187304138
20,Train,9,0.0,0.0,0.0,0.0
20,Val,9,0.0,0.0,0.0,0.0
20,Train,10,0.09063778655629104,0.16791305359946343,0.06254538754186154,0.11772746059813716
20,Val,10,0.07640870684346808,0.11946631671035894,0.04888045676647118,0.09320500530949244
20,Train,11,0.346346220390674,0.42610420395719356,0.23617613462681938,0.38210757343348045
20,Val,11,0.35583419383379383,0.39598791778829995,0.2306471353170216,0.3748387748690089
20,Train,12,0.11205881945692914,0.2446123620975534,0.08325018258873985,0.1537044379825423
20,Val,12,0.1096604281070774,0.19018464528650125,0.07475457427706377,0.13911003232382516
20,Train,13,0.20110412513416953,0.11893403759018929,0.08077172287550584,0.14947045456886518
20,Val,13,0.23065709800397213,0.10882590236352338,0.07984396075728718,0.14788054812911666
20,Train,14,0.3972332343073515,0.3561606005445893,0.23120666356953912,0.37557733781321156
20,Val,14,0.36165594855301314,0.30074965382225083,0.19646043093659488,0.3284027166981719
20,Train,15,0.5202792222248344,0.38700810087794163,0.28522776124430843,0.4438555821801093
20,Val,15,0.5452779267040347,0.33548131003096915,0.26214249642212234,0.41539286441730444
20,Train,16,0.0,0.0,0.0,0.0
20,Val,16,0.0,0.0,0.0,0.0
20,Train,17,0.0946152733729928,0.3578897822104165,0.08088472065689672,0.149663913872795
20,Val,17,0.07215294936985926,0.30413801423561176,0.061929366294632304,0.11663556280571155
20,Train,18,0.3716317828857207,0.5217538689584551,0.27720426987282437,0.4340797683013932
20,Val,18,0.30830419832991196,0.4674005414261007,0.22815202865237488,0.37153710678880325
20,Train,19,0.46015596639916845,0.7735826432118009,0.4055375471600705,0.5770568629666399
20,Val,19,0.4131488991987189,0.7224368416847804,0.35655213787120943,0.5256740596655952
21,Train,0,0.8491605508599834,0.7512182393550733,0.6627763063706413,0.7971923820299297
21,Val,0,0.7523845705691258,0.6784524841010993,0.5546157575263192,0.7135084678836032
21,Train,1,0.9164392296655943,0.8301674798780806,0.7717502124878498,0.8711726998870875
21,Val,1,0.9049381501676131,0.807330780702716,0.7442150890643846,0.8533524212512341
21,Train,2,0.823005536960879,0.9089937811336222,0.7603543970198158,0.8638651329721051
21,Val,2,0.824714933579034,0.8917817143874348,0.7496865383140053,0.8569381058036379
21,Train,3,0.3114928105280535,0.3535233914397104,0.19845151825139049,0.33117988044568925
21,Val,3,0.22473333890324662,0.3045956402754922,0.14852751702557074,0.2586398880616345
21,Train,4,0.7134094489157969,0.8640961756029762,0.6414375692077949,0.781555847355461
21,Val,4,0.6959150280218166,0.8609710989508489,0.6256114512048548,0.7696937010659166
21,Train,5,0.41283398174899855,0.3742277297686208,0.24423299249751967,0.39258401098041307
21,Val,5,0.3966629980188953,0.3344965585856912,0.22170003986082065,0.3629369396662997
21,Train,6,0.6114351228751543,0.26470143939229024,0.22658587948423234,0.3694578271083756
21,Val,6,0.5030427055843055,0.17993219555415113,0.15277550619866004,0.2650568183314572
21,Train,7,0.5299605488423865,0.4248856176645266,0.30859363712539245,0.47164165427455873
21,Val,7,0.1519738794892372,0.0960510271080611,0.06253435114499997,0.11770790950199993
21,Train,8,0.37438166096908326,0.24135964116252917,0.17199076212467954,0.29350190272766796
21,Val,8,0.17966695880766945,0.08487734188998562,0.0611712047742923,0.11528997806708605
21,Train,9,0.0,0.0,0.0,0.0
21,Val,9,0.0,0.0,0.0,0.0
21,Train,10,0.110061596940749,0.13986207297908693,0.06563522029754913,0.12318515083052073
21,Val,10,0.09688441307373245,0.09426946631666917,0.05017695818197584,0.09555904872237551
21,Train,11,0.4389165719941466,0.377543418315478,0.25464476595076546,0.4059232856064958
21,Val,11,0.4173016764255966,0.34161796572317893,0.2312890390556758,0.3756860146914158
21,Train,12,0.16673470429143067,0.19752153543896103,0.09940070576781161,0.180827067906073
21,Val,12,0.14772612685272993,0.14237123420783054,0.07816668445199115,0.14499925268454147
21,Train,13,0.17731371107963584,0.17942225301733025,0.09791282691884913,0.1783617456204442
21,Val,13,0.1763200744358897,0.16040842779105632,0.09169609036540137,0.1679883045318179
21,Train,14,0.39098014728570096,0.4778463064309561,0.27394275325063966,0.430070738105952
21,Val,14,0.35295538197622095,0.40476531537980187,0.2323535216208977,0.377089064911822
21,Train,15,0.6601201373135175,0.0923603753034292,0.08816764080568783,0.16204789837108963
21,Val,15,0.6497711464800358,0.10508313486073256,0.09945025582416547,0.18090905701256818
21,Train,16,0.0,0.0,0.0,0.0
21,Val,16,0.0,0.0,0.0,0.0
21,Train,17,0.07322022447909887,0.3750254427029851,0.06525747705030746,0.12251962929218198
21,Val,17,0.06309009088502139,0.34503558933512485,0.05634246764247773,0.10667462113437622
21,Train,18,0.4167268882435264,0.440709031090929,0.27257433463526726,0.42838256915568307
21,Val,18,0.36829304167848237,0.3838879738573502,0.2314731357248918,0.37592883828728796
21,Train,19,0.4475198001628352,0.7966922696615111,0.4016503348878618,0.5731105992163804
21,Val,19,0.42746559233362574,0.70861176824795,0.36355974460981333,0.5332509159893309
22,Train,0,0.884178932504395,0.6290865307567655,0.581192866784752,0.7351321589578307
22,Val,0,0.7988588551393646,0.5288882280470696,0.4667348175402029,0.636426992041689
22,Train,1,0.934212274594433,0.8300939093277754,0.7842500586762603,0.879080878173552
22,Val,1,0.9325530128359114,0.8044543277714283,0.7602228608545117,0.8637802330425708
22,Train,2,0.8825089135367157,0.7387278704146395,0.6725802238957709,0.8042427025480849
22,Val,2,0.8763157990060341,0.7238271266032263,0.6567340124466359,0.792805608394022
22,Train,3,0.2283289808772663,0.3597202725810796,0.16234864262149684,0.2793458587339878
22,Val,3,0.17969545369952822,0.30980466169664816,0.12832339214658273,0.22745852903204547
22,Train,4,0.5304258096943947,0.9280773524804066,0.509482958782151,0.675043003731569
22,Val,4,0.537592879714606,0.9234863521647795,0.5146689078590021,0.6795794139116025
22,Train,5,0.5063164221988755,0.3290081878472326,0.24909779630381473,0.3988443403853017
22,Val,5,0.47515820333442876,0.2960358768366983,0.22308824269958408,0.3647950033669077
22,Train,6,0.5704793944490569,0.2927555622693469,0.23988117341254045,0.3869421937804586
22,Val,6,0.5020553691273062,0.23055437839499354,0.1876459982754272,0.315996510722127
22,Train,7,0.6896116583893634,0.3370001989257337,0.2926159426547556,0.4527500089522937
22,Val,7,0.3302195235855665,0.06631648063027265,0.0584539065729157,0.11045148916880074
22,Train,8,0.3629429847455592,0.32448339339875953,0.20673648737937644,0.3426373305756449
22,Val,8,0.19887005649689427,0.1457406065623168,0.09182808321914053,0.16820977948039145
22,Train,9,0.0,0.0,0.0,0.0
22,Val,9,0.0,0.0,0.0,0.0
22,Train,10,0.1150972050407713,0.16650177501016028,0.07302334781803678,0.1361076538984085
22,Val,10,0.10366538338141496,0.11307961504806952,0.057176350888045575,0.10816804254474639
22,Train,11,0.4470591066035723,0.35953751632718695,0.24886817219854207,0.3985499425051466
22,Val,11,0.44022683618382863,0.31604176242684484,0.22544381469852795,0.36793822615677324
22,Train,12,0.1847160446076888,0.1732204926703421,0.09816718054126446,0.17878366707385737
22,Val,12,0.15026041666647103,0.11214771622923989,0.06862511893430742,0.1284362777987114
22,Train,13,0.21163641231917604,0.1261640371911424,0.08582752561647139,0.15808684353800218
22,Val,13,0.22204055800210384,0.11136534976918654,0.0801080793088937,0.14833344632960166
22,Train,14,0.31139142907750383,0.5324725844144502,0.24453326678475976,0.3929718399874132
22,Val,14,0.2758352329489794,0.4772477677505155,0.21183297515650792,0.3496075394651899
22,Train,15,0.4471939352844842,0.3398561983092755,0.23931533381493791,0.38620571253258074
22,Val,15,0.4936274133027661,0.31596614225173797,0.2386227372986391,0.38530333275105294
22,Train,16,0.0,0.0,0.0,0.0
22,Val,16,0.0,0.0,0.0,0.0
22,Train,17,0.0901059611982446,0.30906523509053674,0.0749984565042886,0.13953220894719093
22,Val,17,0.08290334086314553,0.2804117907265531,0.06836006431119679,0.12797195386313956
22,Train,18,0.3538300757782721,0.46322103316696367,0.2509402736693191,0.401202640733528
22,Val,18,0.31735845695406883,0.429203937166532,0.22316916441888768,0.3649031841570685
22,Train,19,0.415560229995934,0.8319107612450782,0.38337060232637876,0.5542558134580734
22,Val,19,0.3841302427562404,0.7264267609158213,0.33558342369381344,0.5025270824999225
23,Train,0,0.9355527730319476,0.5536579232506514,0.5333173505215555,0.6956385731354832
23,Val,0,0.8797542501783875,0.4488565241059606,0.4229108628453106,0.5944305728561724
23,Train,1,0.8522681240128531,0.8620437849164951,0.749977376145342,0.8571280771897843
23,Val,1,0.8429979446801158,0.8330898341296035,0.7211920274173504,0.8380145987506903
23,Train,2,0.8342595858401025,0.9008053589124662,0.7640671989622568,0.866256336502432
23,Val,2,0.8153376718293711,0.853642244909707,0.7153400059170663,0.8340503913666175
23,Train,3,0.23357920115611888,0.3333146167785236,0.15920089915910682,0.2746735211580445
23,Val,3,0.16717973274955908,0.2767386996319191,0.11634531460762387,0.2084396475971014
23,Train,4,0.7065145991046242,0.8681386453850675,0.6380445574043905,0.779031987217066
23,Val,4,0.6427026832021798,0.8544889238742831,0.5793005765088831,0.7336166164394143
23,Train,5,0.4222677611268127,0.35867697872974336,0.24060500240269883,0.38788332927203334
23,Val,5,0.38198477442645384,0.3330635640726496,0.21643450947846815,0.35585065166295204
23,Train,6,0.3826111834576189,0.4184704029003421,0.24979550299820782,0.39973819601802746
23,Val,6,0.32975335622846713,0.3051777940439371,0.18834704455749343,0.3169899608934406
23,Train,7,0.4114570089722817,0.4506465088521085,0.27401601470833953,0.43016101582143085
23,Val,7,0.07070784283743257,0.08676484382319972,0.04053817161887959,0.07791769711147531
23,Train,8,0.14621346578646446,0.2968964712592246,0.10860719874803353,0.1959344958604896
23,Val,8,0.0700993335847667,0.11541248317967558,0.04559954195973924,0.08722180466188
23,Train,9,0.0,0.0,0.0,0.0
23,Val,9,0.0,0.0,0.0,0.0
23,Train,10,0.14648061059282336,0.08293080370132065,0.05591250183922155,0.10590366020785051
23,Val,10,0.10587368808681101,0.05030621172351255,0.03530639813335524,0.06820472844827044
23,Train,11,0.4038010884847867,0.4084659668133706,0.25479971271130175,0.4061201273689115
23,Val,11,0.39853682789956724,0.36844178869250493,0.23678102713418644,0.38289886221106156
23,Train,12,0.14877409557397098,0.1835877285778499,0.08953683776053399,0.16435760951525394
23,Val,12,0.12449114834788932,0.12779397473262605,0.06730473948200055,0.12612093683164782
23,Train,13,0.21147645948900395,0.13539289769531934,0.08997198771509216,0.1650904539480308
23,Val,13,0.20635916482628833,0.10875977092066756,0.07668419874663564,0.14244510396344018
23,Train,14,0.3606282911473216,0.4272644397658747,0.24310734596915762,0.3911284792450215
23,Val,14,0.32438173132852194,0.3514778207515302,0.20292547912576345,0.33738661229580413
23,Train,15,0.5495432664936425,0.3768722425443503,0.2879262156623794,0.4471160056422003
23,Val,15,0.5577063530659966,0.35263157894736447,0.2755671789422888,0.43207003200521815
23,Train,16,0.0,0.0,0.0,0.0
23,Val,16,0.0,0.0,0.0,0.0
23,Train,17,0.06545136257169715,0.5108258701403787,0.0615910129731478,0.11603529259705744
23,Val,17,0.05668079761343723,0.4500341818472473,0.05300902351798531,0.10068104125975057
23,Train,18,0.31112758455663253,0.5410091594165074,0.24615305441351862,0.3950607040652955
23,Val,18,0.2717174744453161,0.4735967163995988,0.20869008801463415,0.34531611913421806
23,Train,19,0.36921294185816633,0.716506197191926,0.3221519289436322,0.4873145346221264
23,Val,19,0.3708636535267947,0.6679486612345267,0.31313313589686986,0.47692518652141297
24,Train,0,0.9221834687570708,0.6533235944455208,0.6191881535521598,0.7648130926152127
24,Val,0,0.8838562344391323,0.5190786789267082,0.4859332188019513,0.654044487584777
24,Train,1,0.9158287792006349,0.8476880827390305,0.786419257044792,0.880441978537956
24,Val,1,0.9112051066696177,0.8110558441706253,0.7516488472905593,0.8582186367877205
24,Train,2,0.85531020674168,0.8860810884587818,0.770575521113211,0.8704237774660649
24,Val,2,0.8514596294016828,0.8589245790102329,0.7469931402810842,0.8551758088683665
24,Train,3,0.325513534007642,0.24541997396696125,0.16268847621882992,0.2798487758275305
24,Val,3,0.25070145212890704,0.1922430876662844,0.12209183856930779,0.21761469358621502
24,Train,4,0.6740120446740847,0.907316467847307,0.6305948405403415,0.7734537370958717
24,Val,4,0.6498616389554667,0.9014483676063224,0.6067537888462916,0.7552542139897174
24,Train,5,0.489322916125968,0.3819650185085479,0.2730986101551116,0.4290297779641925
24,Val,5,0.45180283796699594,0.3543728607173619,0.24781665057061755,0.3972004178391182
24,Train,6,0.432560415068558,0.386370012300633,0.2564097055885452,0.4081625624459741
24,Val,6,0.37879808005551796,0.33595947143346,0.2166153311142858,0.3560950163027376
24,Train,7,0.5253343647577459,0.5133479212252808,0.35068694198698813,0.5192719759247715
24,Val,7,0.2303490857275821,0.18197167245081888,0.11316572361890383,0.20332232384291987
24,Train,8,0.31916323787014317,0.4062589125980953,0.21764313692804713,0.3574826274254374
24,Val,8,0.18002889129633437,0.2063968533275992,0.10638638425006328,0.19231325152114206
24,Train,9,0.0,0.0,0.0,0.0
24,Val,9,0.0,0.0,0.0,0.0
24,Train,10,0.12653854928244923,0.16946982482683912,0.07810373151841767,0.14489093506771467
24,Val,10,0.09830001868107667,0.11509186351701002,0.05598587053665235,0.10603525951454543
24,Train,11,0.4361862923131655,0.38810894489861275,0.2584517251377044,0.4107455484221834
24,Val,11,0.4240761212885249,0.35264955020016,0.23845043845038552,0.385078688621178
24,Train,12,0.1442727404372982,0.21079038839346811,0.09367360644726748,0.17130084013515715
24,Val,12,0.11892491873454457,0.1457725947520449,0.070083633135509,0.13098720196744826
24,Train,13,0.20780588682389267,0.19539137406268675,0.11198062309635202,0.2014075029602938
24,Val,13,0.21586456593975303,0.17269564987366612,0.10612254850166161,0.19188207656417858
24,Train,14,0.39631143886998593,0.4619834244464038,0.2711608580770605,0.4266349977578073
24,Val,14,0.33978278949168017,0.3979659074630762,0.2244248416698858,0.3665800153511745
24,Train,15,0.4394577796833276,0.6133917596420891,0.3441380125599173,0.5120575507508639
24,Val,15,0.454662809205142,0.5781288786018519,0.34139593603621343,0.5090159043413575
24,Train,16,0.0,0.0,0.0,0.0
24,Val,16,0.0,0.0,0.0,0.0
24,Train,17,0.08910737175116347,0.4156447180947975,0.0791871160068327,0.14675326134545463
24,Val,17,0.07074571273375722,0.36663047412218336,0.0630410731572353,0.11860514764241863
24,Train,18,0.39074210119902947,0.49500895697594394,0.27937656752890005,0.4367385982602314
24,Val,18,0.3278678057948665,0.44989618285833943,0.23404159562110446,0.379309082355767
24,Train,19,0.4595754252251994,0.7172375861535538,0.3890809055375711,0.5601990505812503
24,Val,19,0.4183704771845697,0.6888576074878121,0.35187666588308425,0.5205750962129839
25,Train,0,0.9060905328324518,0.7322544048175008,0.6806017290142063,0.809950047188426
25,Val,0,0.8497217720339131,0.6034614005257959,0.5452673836354093,0.7057256053646592
25,Train,1,0.8992324606717664,0.8869502745101147,0.8067649363830917,0.8930491350816568
25,Val,1,0.8882929029348238,0.8632446806492091,0.7787101193963015,0.875589683174153
25,Train,2,0.8651592306409125,0.768805742731833,0.6865419254034393,0.814141541174575
25,Val,2,0.8623817868898267,0.698256201431805,0.6282518674156702,0.7716887982289958
25,Train,3,0.22143662501173614,0.2887215742323938,0.1432765499335028,0.25064197657751347
25,Val,3,0.16777556759720588,0.2308200434084683,0.10761108666959018,0.1943120383408135
25,Train,4,0.5641050805093972,0.8782042013662681,0.5231748957887244,0.6869531445244487
25,Val,4,0.5346980333773927,0.8815913281334739,0.49887083087528766,0.6656621999396478
25,Train,5,0.4976765331135877,0.31226134986028936,0.23742914181495245,0.38374583377802324
25,Val,5,0.4699048807109946,0.26849713772337497,0.2060782894624249,0.3417328517925653
25,Train,6,0.6256318563131016,0.2510682146787667,0.21827554021283854,0.35833525424791207
25,Val,6,0.49234271523153333,0.18330315521821025,0.15416518160902146,0.26714578083586416
25,Train,7,0.16220757777224978,0.662482593992309,0.14982589370067437,0.2606062234373683
25,Val,7,0.06393928686647352,0.39039489728881865,0.05813498714939405,0.10988198401120271
25,Train,8,0.2962088626587384,0.3838834296973259,0.20076476650211522,0.3343948276145835
25,Val,8,0.11100282623515154,0.11789669806426052,0.06063994037158034,0.11434594420630807
25,Train,9,0.0005882352941164936,0.0001421329416780489,0.00011448633796362597,0.00022894333005604123
25,Val,9,0.0,0.0,0.0,0.0
25,Train,10,0.08259437875958808,0.18538671943196977,0.060600584033250866,0.11427597284817831
25,Val,10,0.07389233655648389,0.13438320209967874,0.05006355725040741,0.09535338028066351
25,Train,11,0.46609245959317963,0.34346669246767514,0.24648831057011597,0.39549236913845
25,Val,11,0.45110846245508884,0.310657298574985,0.22544137618826682,0.3679349785462605
25,Train,12,0.1722664713600744,0.17062112739907193,0.0937567473301178,0.1714398467934243
25,Val,12,0.1437651681496085,0.12089407191436258,0.07028645686192989,0.13134138763605033
25,Train,13,0.22120591298827877,0.11633297902828092,0.08253079334359137,0.15247749330733248
25,Val,13,0.22887864823340703,0.08671154787254001,0.06710681201698479,0.12577336989114712
25,Train,14,0.3141893910897473,0.5307859282992825,0.24589403946178873,0.394727045420228
25,Val,14,0.28014825630368506,0.47639784176092476,0.21419585313804634,0.3528192750011851
25,Train,15,0.5597496727603605,0.19128681039206463,0.16627136064167966,0.2851332272041821
25,Val,15,0.6137935407507349,0.16235505909451586,0.14730681318993327,0.25678712895018
25,Train,16,0.0,0.0,0.0,0.0
25,Val,16,0.0,0.0,0.0,0.0
25,Train,17,0.10989019540703536,0.35927640952570233,0.09188334504567515,0.16830249037893585
25,Val,17,0.08246836666248877,0.29171190734696917,0.06871009907741786,0.1285850995521492
25,Train,18,0.5340950166567324,0.44567222155421216,0.3209111280360288,0.4858935895828017
25,Val,18,0.40295406551648616,0.375096370342461,0.24110015049533773,0.38852649772113507
25,Train,19,0.4345393340811683,0.882003120080639,0.41066573144783136,0.5822296794678232
25,Val,19,0.3970864269167017,0.8349898023659512,0.3681935472788736,0.5382185072028063
26,Train,0,0.8954396205810464,0.7613675450667352,0.6992048761655506,0.8229788906011044
26,Val,0,0.8365003627478607,0.6541476935358128,0.5799913979737923,0.7341703186823864
26,Train,1,0.9257697231846905,0.8415656956431062,0.7883677362527435,0.8816617699040791
26,Val,1,0.9177910891893436,0.8198849039348168,0.7637925861245328,0.8660798188377462
26,Train,2,0.8561339386262323,0.9269502407970192,0.8020223187957687,0.8901358278778511
26,Val,2,0.856888957913164,0.883185766570493,0.7696588308377397,0.8698386525161474
26,Train,3,0.30482635661064805,0.44857966871695726,0.22173860384841915,0.36298861345102723
26,Val,3,0.21050688842806933,0.36595262810222406,0.15424880276198796,0.26727131917673447
26,Train,4,0.7564786473260621,0.8912244718480404,0.6925370091686408,0.8183419342845127
26,Val,4,0.6954817004677494,0.8778007722181893,0.6340900707008265,0.7760772530715042
26,Train,5,0.4821933678064106,0.36966866122538344,0.26462153169332414,0.41849916667574816
26,Val,5,0.46242247921558155,0.3316231447175715,0.2393492170669625,0.38624983298750004
26,Train,6,0.6844034007621396,0.25189365329418784,0.22567984300531568,0.3682525120778764
26,Val,6,0.5739578803500193,0.17796740763567093,0.15720070782002363,0.27169134043393084
26,Train,7,0.663376188106972,0.5039785160134267,0.401340176789215,0.572794786017909
26,Val,7,0.3439267438719528,0.11978238439159573,0.09750324501786858,0.17768192186717804
26,Train,8,0.5396510705786917,0.35287406984875086,0.27122900017930385,0.4267193355439663
26,Val,8,0.22954091816301814,0.08332470758712003,0.06511364555523326,0.12226609572735148
26,Train,9,0.0022660862305431055,0.0018003505945886197,0.0010042814102222623,0.0020065427475079345
26,Val,9,0.0014154281670180195,0.0015249714067832158,0.0007346189164364236,0.001468154302237329
26,Train,10,0.1432164161877628,0.17150672175985401,0.08465167716314301,0.15609006329999173
26,Val,10,0.11745757007542793,0.10686789151351406,0.05927309782607258,0.1119127735905366
26,Train,11,0.4302447684929113,0.3845290503603711,0.25478731929350545,0.406104384781088
26,Val,11,0.42098237072503003,0.352025740363664,0.23718615197428666,0.38342839277240987
26,Train,12,0.19729231551509652,0.18763790237261974,0.10640522427710156,0.1923440330505212
26,Val,12,0.1549501661127509,0.11331389698725625,0.07003423629042582,0.13090092130609665
26,Train,13,0.2203425406962365,0.1789833017119036,0.10958301683124531,0.19752107309643335
26,Val,13,0.22435425862346242,0.14521142222279085,0.09667676376315587,0.17630857941305084
26,Train,14,0.4989372376811102,0.4119509088047484,0.291397892375451,0.45129063768314576
26,Val,14,0.43348422809519177,0.3447548106765655,0.23767075940615306,0.38406135807267766
26,Train,15,0.5870100455619505,0.3747568188335639,0.2965647039269879,0.457462246111162
26,Val,15,0.5779497639071167,0.34694240381067004,0.27681070983143863,0.43359709423973025
26,Train,16,0.0,0.0,0.0,0.0
26,Val,16,0.0,0.0,0.0,0.0
26,Train,17,0.09968089574882609,0.40453897822099477,0.08692657164881427,0.15994929591787843
26,Val,17,0.07824589998808884,0.3436281014998417,0.0680719196360946,0.12746691823097847
26,Train,18,0.48724795434103907,0.4898310979954971,0.32322049857261476,0.4885361065873008
26,Val,18,0.3892686207651603,0.4360757996548142,0.2589265278095657,0.4113449338824924
26,Train,19,0.47807812342111355,0.832314167653275,0.4360760976211305,0.6073161373769322
26,Val,19,0.43944067494392514,0.7729185965361666,0.38919329555447196,0.5603155350514663
27,Train,0,0.8440319002425511,0.7419639117631807,0.6525013886685119,0.7897135688099066
27,Val,0,0.7315807860937524,0.7008332040739893,0.5574831859269459,0.7158769829071918
27,Train,1,0.9194481360115213,0.8722647476020587,0.8103400383208106,0.8952351675873371
27,Val,1,0.9106403012236411,0.8597250103408064,0.792838417097437,0.8844504948779857
27,Train,2,0.8539381897052843,0.6940795862691919,0.620423634231164,0.7657548521472595
27,Val,2,0.8544644182835384,0.7188656819574053,0.6404491536718603,0.7808217013830193
27,Train,3,0.27120039069302687,0.4053546361756767,0.1940132956436075,0.32497677116963786
27,Val,3,0.17606281389260442,0.32882891384347857,0.1295188111893214,0.22933448711253918
27,Train,4,0.5953109614060914,0.8892095719483569,0.5542043285611351,0.7131679080330312
27,Val,4,0.5669325743788973,0.8767469779239141,0.5250837476713245,0.6885966030861708
27,Train,5,0.3478746122276762,0.44909175186219313,0.24382421109873129,0.39205573563155455
27,Val,5,0.35472128860420093,0.4153159641528318,0.2365788772484748,0.3826345064256259
27,Train,6,0.3625281056773309,0.4453699907205353,0.24976703094554423,0.39970173907532885
27,Val,6,0.3186391073714488,0.36911045190115016,0.20628922692673984,0.3420228239172827
27,Train,7,0.5818779535646915,0.5070220807637742,0.37162644893192803,0.5418770479504962
27,Val,7,0.17247748787768996,0.07006847387668129,0.052439452439415626,0.09965314423702218
27,Train,8,0.43997763773102255,0.22445487308454345,0.17457852706296392,0.2972615630425064
27,Val,8,0.16371158392386612,0.057343960252502484,0.044351933392006763,0.08493675353584933
27,Train,9,0.010095294144274408,0.021130430662803273,0.006878470080196348,0.013662955523970137
27,Val,9,0.008178331041464733,0.021540221120812924,0.005963060686012684,0.011855422753659714
27,Train,10,0.13587854748074138,0.1674620264214387,0.08109631508489529,0.15002606387587356
27,Val,10,0.11563718955210801,0.10244969378823164,0.0574427902185236,0.108644719347321
27,Train,11,0.20777453273856084,0.4150645832325079,0.16071555680433977,0.2769249594042546
27,Val,11,0.28126140594197113,0.3795062052661437,0.19266284418958055,0.32308014324823875
27,Train,12,0.150217231733658,0.22886504458206777,0.09973656480504482,0.18138264265444923
27,Val,12,0.13313458262339595,0.1518950437316308,0.07636683441634026,0.14189740764068795
27,Train,13,0.167563968046074,0.24737989603020247,0.11098488670726644,0.19979548841839803
27,Val,13,0.171581186013139,0.2294232015553812,0.10885062376062972,0.19633054031572028
27,Train,14,0.48290826144832283,0.40611294063147435,0.2830330811974155,0.4411937340689869
27,Val,14,0.4092151697399959,0.314491715609004,0.2162893490696631,0.3556544275364391
27,Train,15,0.4543386979410045,0.5356912538252633,0.32597200736753795,0.49167252741955725
27,Val,15,0.4565181652100065,0.49679536636364097,0.31216885119777193,0.4758059111649395
27,Train,16,0.0,0.0,0.0,0.0
27,Val,16,0.0,0.0,0.0,0.0
27,Train,17,0.12838063671558586,0.23454355790756226,0.09047369015079322,0.16593465477442113
27,Val,17,0.11543648529485051,0.1789922387098649,0.07547393766743388,0.14035474493731154
27,Train,18,0.5040753250582893,0.43082307034401846,0.302574702882197,0.46457941947781883
27,Val,18,0.44077177401056095,0.3574003662072974,0.24589778558027556,0.39473187182042574
27,Train,19,0.5009087142133262,0.6800364380124081,0.4053701532926115,0.5768873757711267
27,Val,19,0.4401826056535787,0.4718734793508609,0.2948985574941261,0.4554774620051654
28,Train,0,0.933780369757896,0.5639134410634157,0.542229529701452,0.7031761688365388
28,Val,0,0.9015646674642136,0.4433760103223042,0.4229036573121024,0.594423455157284
28,Train,1,0.8834180267592509,0.8717267629529518,0.7817903003026055,0.8775334512883516
28,Val,1,0.8736898401996094,0.8477462725647826,0.7551905197745525,0.860522555106522
28,Train,2,0.8647977357938413,0.9113286271343732,0.7976779515742968,0.8874536692010135
28,Val,2,0.8621590643170193,0.8653274082229915,0.7601610390395431,0.8637403257760383
28,Train,3,0.3194685981676892,0.3638294071105707,0.20497099819690728,0.3402090100158194
28,Val,3,0.2144479197908773,0.2833820892704948,0.13904451461748737,0.24414236676458248
28,Train,4,0.7511987077090404,0.8409920894590185,0.6577746390531422,0.7935633944763225
28,Val,4,0.6838875217573896,0.8358422666028912,0.6029084048851209,0.7522680635779924
28,Train,5,0.49689880655930085,0.34927521668945904,0.2580276314072255,0.41020979494583837
28,Val,5,0.4590469532796904,0.32179265386126515,0.23331682422100855,0.37835666659350364
28,Train,6,0.5262960518420342,0.3785688081313592,0.2823583379608279,0.44037353130072854
28,Val,6,0.4268634686345604,0.278537581384544,0.20272259529781678,0.3371061510218527
28,Train,7,0.6526477685554208,0.48959618062452964,0.3883918004070779,0.5594844292409452
28,Val,7,0.25530179445246615,0.058718694306295165,0.05013213742287968,0.09547776711111734
28,Train,8,0.5607519225288745,0.2552308849075021,0.2127052722557881,0.3507946646481611
28,Val,8,0.24621804903366606,0.04885622606350392,0.042499549792866465,0.08153394092299406
28,Train,9,0.008019018557283462,0.010707348273079686,0.004606228599379462,0.009170212185616682
28,Val,9,0.0027861901877616153,0.004384292794501745,0.001706484641636959,0.0034071502739157302
28,Train,10,0.11482340616580788,0.17860676249779164,0.07514323490524,0.1397827376014749
28,Val,10,0.09427458033569609,0.11006124234465876,0.05349549243067412,0.10155808011900999
28,Train,11,0.368039391978727,0.42378211020265844,0.24529020407247568,0.39394865577918264
28,Val,11,0.3651077473254724,0.3888305207169253,0.23197915850500825,0.3765959088294589
28,Train,12,0.1672189480706845,0.22726311017070358,0.10660560604555351,0.19267135962571993
28,Val,12,0.14161479311594505,0.15034013605427565,0.078659683734134,0.14584707711991254
28,Train,13,0.21695057167127105,0.19363556884098013,0.11397719046876524,0.20463109777829153
28,Val,13,0.21536521523143062,0.14908672477414142,0.09661107016129587,0.17619932925940518
28,Train,14,0.3193188394382733,0.5538111598433145,0.25397884576363394,0.40507675821298894
28,Val,14,0.3008622380157056,0.4835028410446943,0.22768563822131657,0.3709184635382388
28,Train,15,0.5262179312865971,0.4728667037356651,0.33166239607398124,0.4981178318650854
28,Val,15,0.5321530919592016,0.4312580367425846,0.3126997510965509,0.47642234652605403
28,Train,16,0.0,0.0,0.0,0.0
28,Val,16,0.0,0.0,0.0,0.0
28,Train,17,0.07765337921715225,0.42255241196819376,0.07020347086162691,0.1311964899564614
28,Val,17,0.07086370331205326,0.3772871677321843,0.06344333243169709,0.11931680622972708
28,Train,18,0.2924498675410718,0.5639858237258963,0.23852209662407683,0.38517212488848895
28,Val,18,0.2674214403972043,0.501124685701264,0.21119648423545778,0.34874024856630953
28,Train,19,0.3946226964607182,0.7134593161098666,0.34063568550072676,0.5081703942550172
28,Val,19,0.38329599554497545,0.6943991252945515,0.3279716794907687,0.4939437813512171
29,Train,0,0.9176629265299536,0.7627822364751388,0.7139211563966067,0.8330851737067864
29,Val,0,0.8491888342564271,0.6477955436647922,0.5809591823308529,0.7349451964894681
29,Train,1,0.9259506957661672,0.8640918299655326,0.8082404869888018,0.893952423130988
29,Val,1,0.9224397748293764,0.8345010226966518,0.7797863810257879,0.8762696297721231
29,Train,2,0.8683851627426916,0.7275871824184248,0.6553215292526412,0.7917755113623335
29,Val,2,0.8561495067497665,0.4260424606311991,0.3975820355853973,0.5689569876562742
29,Train,3,0.2749116046694206,0.4949082463438659,0.2146793703653631,0.3534749544846384
29,Val,3,0.18113127544096158,0.40311408889300687,0.1428256188731131,0.24995172328972
29,Train,4,0.5061743409624267,0.9305737117236061,0.4877549617288831,0.6556925984198645
29,Val,4,0.38822523523025326,0.9236669220036915,0.37615682426497027,0.5466772605638113
29,Train,5,0.4131551916142329,0.4647932293050951,0.27996364552236347,0.43745561573237746
29,Val,5,0.3806564227340998,0.42746300572452145,0.2521162225482143,0.402704181749723
29,Train,6,0.4860754240236021,0.429670471956644,0.2954507514069062,0.4561358243216699
29,Val,6,0.390992109229455,0.33979273413716155,0.22219423101143443,0.3635988819666505
29,Train,7,0.6461451422103981,0.4998209667792919,0.3924098079024844,0.5636412531010436
29,Val,7,0.33311876408003505,0.09708282525082347,0.0812848503886898,0.1503486310197572
29,Train,8,0.6388187293565967,0.34099924810071797,0.28588196935109533,0.4446472899493396
29,Val,8,0.2597038815515818,0.0671773108373179,0.056380853096988634,0.10674341778694486
29,Train,9,0.022557118884725932,0.0662339508219708,0.017114525310642455,0.03365309010390609
29,Val,9,0.017637407711229677,0.06557377049167828,0.0140948946980193,0.02779797645730322
29,Train,10,0.19977054702560604,0.11907117499852775,0.08061862778898876,0.14920828345416887
29,Val,10,0.12929457206736195,0.05564304461939823,0.04047603894862837,0.07780291951919235
29,Train,11,0.4635797016707352,0.36053408156350825,0.25440183515048814,0.405614572515321
29,Val,11,0.447759819496041,0.31925930789929763,0.22906409742992415,0.37274556294086336
29,Train,12,0.19657398790129232,0.20429197521529266,0.11133256465160414,0.20035867824891512
29,Val,12,0.15129035628445167,0.14071914480064068,0.07864009123984216,0.14581339815831185
29,Train,13,0.2079537173461236,0.23706272650430654,0.12457868809955687,0.22155619098680351
29,Val,13,0.20292872510233842,0.1933683389103928,0.10989837031690795,0.19803320823399423
29,Train,14,0.4466575756242629,0.4522732739242236,0.2898631263226753,0.44944787889940224
29,Val,14,0.3711589069826895,0.3582676789380358,0.22294193502378679,0.36459937398914977
29,Train,15,0.48521923106277626,0.5520761108246398,0.34815686181281824,0.5164931000510917
29,Val,15,0.4864615293936533,0.49833953909630113,0.32654927363888103,0.4923288969541635
29,Train,16,0.0,0.0,0.0,0.0
29,Val,16,0.0,0.0,0.0,0.0
29,Train,17,0.11265972260431488,0.33861693466309556,0.09234056872465066,0.16906918835075657
29,Val,17,0.08388731374795393,0.27960751196353417,0.06897885891724433,0.12905560562619278
29,Train,18,0.5039926166133761,0.4969154987272722,0.3337148091940161,0.5004290325929036
29,Val,18,0.3788093917652158,0.428614763936461,0.2517022945927853,0.4021759687790953
29,Train,19,0.5634213004001832,0.7528930507938193,0.475492934867352,0.6445207835546748
29,Val,19,0.48218251697709563,0.6765907351738109,0.3918646017404684,0.5630786182344715
30,Train,0,0.9077179596016421,0.8327515419845943,0.7677530534051007,0.8686202493216426
30,Val,0,0.8374152909181857,0.7292173206860048,0.6387801076436684,0.7795800065998283
30,Train,1,0.9159714553502646,0.8709319027506676,0.8064955326497646,0.892884054856674
30,Val,1,0.912430635361122,0.844379817015088,0.7810822586993432,0.8770872321458206
30,Train,2,0.8558254553588335,0.9115074671065133,0.7901726080984127,0.8827892908793566
30,Val,2,0.8531331284491344,0.9055268533609924,0.7834046780106271,0.8785495330537667
30,Train,3,0.4001880625591009,0.3606237717260733,0.23409345447556165,0.3793771866299138
30,Val,3,0.24769098455666014,0.2500330282154855,0.1421108524720142,0.2488564911351619
30,Train,4,0.755062566425424,0.8895389914991837,0.6903353313881994,0.8168028134673984
30,Val,4,0.7147334107157567,0.8886307304473069,0.6559743325665387,0.7922518067760445
30,Train,5,0.4571899127962138,0.4211133657043879,0.28074649056081574,0.43841070724529635
30,Val,5,0.40305535055347574,0.40550032298059846,0.2533481159164697,0.4042741351198605
30,Train,6,0.562250244542303,0.4000356071559377,0.3050319639962686,0.4674704823203283
30,Val,6,0.43136720453542543,0.30485032939085704,0.21746180059357242,0.35723798074609586
30,Train,7,0.7018697094661555,0.45028844241089117,0.3779911497035355,0.5486118637323453
30,Val,7,0.32797427652381594,0.028702748335026073,0.02710843373491574,0.052785922273638486
30,Train,8,0.47960789728000014,0.4503357618811869,0.30251676391181703,0.4645111203792416
30,Val,8,0.1803607214426448,0.13973708725790318,0.08546467460111075,0.15747112537312696
30,Train,9,0.013774415716379412,0.028900364807869946,0.00941619585687237,0.01865671204606924
30,Val,9,0.008229888210679494,0.022874571101748238,0.006089206880800685,0.012104701812701282
30,Train,10,0.12875873976442137,0.2191701099924025,0.08826803857917472,0.16221745546704616
30,Val,10,0.09146594684382217,0.11561679790021188,0.05381467228634907,0.10213308108697904
30,Train,11,0.46743578019292703,0.38574814958150205,0.2679746469595663,0.4226813910849743
30,Val,11,0.4433970385673022,0.33820342767078,0.23741040355845092,0.3837213584728063
30,Train,12,0.1756282998943663,0.2513525766963121,0.11530941915443707,0.20677565252029878
30,Val,12,0.14784506273856451,0.18435374149641948,0.08937994722950933,0.16409324362216177
30,Train,13,0.2406920114611165,0.20904965228525996,0.125972512782843,0.22375770021330652
30,Val,13,0.2373376027750976,0.18822331265621065,0.11728491721403057,0.20994629507836954
30,Train,14,0.4771203526462652,0.44482882519055217,0.2990463718411132,0.460409074040435
30,Val,14,0.42357063558141095,0.3497779687723488,0.2369759316770033,0.383153661351248
30,Train,15,0.5362220726506655,0.5531902003206944,0.3741681064186331,0.5445739880533327
30,Val,15,0.5184217317272928,0.5144063153422057,0.34807790667057825,0.5164062129912055
30,Train,16,0.0,0.0,0.0,0.0
30,Val,16,0.0,0.0,0.0,0.0
30,Train,17,0.10604656463594629,0.4498142682678036,0.09387062690148897,0.17163021458697075
30,Val,17,0.08498007717283974,0.3799412876501468,0.07462993096256855,0.13889419456333085
30,Train,18,0.5790425238039708,0.49269379777817923,0.36275953204516204,0.5323896404759928
30,Val,18,0.42247050752915033,0.4113973261610391,0.26331246683755,0.41686038979568435
30,Train,19,0.6144774634065201,0.773975939183702,0.5209883237965574,0.685065508910442
30,Val,19,0.5316430692605946,0.6788369217076519,0.42479637006976584,0.5962906356080098
31,Train,0,0.9100956715854422,0.7370033495263313,0.6869870492137493,0.8144544385957686
31,Val,0,0.8324749045996539,0.6387726652551861,0.5660143716039889,0.7228725074560786
31,Train,1,0.9100089964934258,0.8676202337903064,0.7990614274899964,0.8883092158890088
31,Val,1,0.8976618305013256,0.8404578986714392,0.7669694755487495,0.8681185292099276
31,Train,2,0.9027166981591652,0.5680409164680006,0.5352735008571154,0.6973005095428805
31,Val,2,0.8680995874034476,0.36826291093858765,0.3487488621995208,0.5171442499829342
31,Train,3,0.2218622406098962,0.4177177713687543,0.1694552698387683,0.28980204982555796
31,Val,3,0.15442135544158572,0.32622440313290063,0.11708007640515618,0.20961805056273147
31,Train,4,0.4275511935235293,0.8940472694696611,0.40693245351715235,0.5784676434476717
31,Val,4,0.37895445818546303,0.8762659285874378,0.3597063309787441,0.5290941432244948
31,Train,5,0.4686908347246649,0.3803507873428656,0.2657627510200446,0.41992505732329577
31,Val,5,0.43266312931443696,0.3620501473830875,0.2455002693544934,0.39421953138966614
31,Train,6,0.42351533112958023,0.4409946265564405,0.27557388047372655,0.4320782692473207
31,Val,6,0.3343769453293174,0.3517933505412121,0.20690163024389005,0.3428641109495393
31,Train,7,0.5317366312488188,0.6072607917245659,0.39566834730983946,0.5669947944275247
31,Val,7,0.16548463356952262,0.11818778726187205,0.0740523067880846,0.13789329199246975
31,Train,8,0.4279192640139903,0.4787782934479819,0.29192487669149303,0.45192236598060015
31,Val,8,0.14110112591659837,0.14139323051429314,0.07599020916773698,0.1412470221945653
31,Train,9,0.03954697363527748,0.010091438859141473,0.008105022831047144,0.016079715931720164
31,Val,9,0.01006889242178024,0.0036218070911101376,0.002670789991562172,0.005327347854177029
31,Train,10,0.2211271367520777,0.12045335506021643,0.08457193057725429,0.1559544843767683
31,Val,10,0.15921247297125388,0.06119860017495136,0.04625099180109553,0.08841279972994652
31,Train,11,0.4207603459049345,0.40391853321073934,0.2595786750898325,0.41216746055767156
31,Val,11,0.40531312145870496,0.35465230809627857,0.23326926814515447,0.37829413429960856
31,Train,12,0.16303583977507524,0.1682937887259579,0.09028847557117997,0.16562308942838558
31,Val,12,0.12217490992453087,0.10874635568502551,0.06104746317508944,0.11507017857378542
31,Train,13,0.2639059660518684,0.12380240661401219,0.0920249700009413,0.16854004286604946
31,Val,13,0.28857650085131387,0.10534738846930769,0.0836281931480441,0.15434849619800872
31,Train,14,0.4175187049181428,0.5072261930567818,0.2970347648261707,0.4580212800293028
31,Val,14,0.3674717729261569,0.4354390488468285,0.24889056282442512,0.3985786539401553
31,Train,15,0.4073336500248035,0.599159013892795,0.3201028502110279,0.48496652663006895
31,Val,15,0.42961297702236284,0.558131785806128,0.3205777610794786,0.48551136825426305
31,Train,16,0.0,0.0,0.0,0.0
31,Val,16,0.0,0.0,0.0,0.0
31,Train,17,0.09023139397310168,0.48703694280474163,0.08240049416621112,0.1522550907596597
31,Val,17,0.07984824357346171,0.43756786102045375,0.07241592737775461,0.13505194044488192
31,Train,18,0.5134075115848513,0.4625033202290416,0.32155197657393775,0.48662781181358433
31,Val,18,0.4121168990939331,0.4020724004100076,0.2555185464081236,0.4070326862168768
31,Train,19,0.553398643797508,0.7570082005748778,0.4699236450348304,0.6393851041665575
31,Val,19,0.4697067361889953,0.647591027666649,0.37408735112424013,0.5444884526009609
32,Train,0,0.8094709263550427,0.8639388028998103,0.7179450739547203,0.8358184211462518
32,Val,0,0.7096495293665043,0.8009851537823899,0.6032786220426508,0.7525561805102863
32,Train,1,0.9347017083431077,0.8515757643694334,0.8037592348985172,0.8912045630570035
32,Val,1,0.9244098539515639,0.8556484541911549,0.7996957866764992,0.8887010661515976
32,Train,2,0.8251308656622854,0.8380720687036652,0.7116709463751902,0.8315511151292001
32,Val,2,0.8166590976446425,0.8595057704002228,0.7204816164737217,0.837534798717601
32,Train,3,0.3497617700913446,0.37246624639491727,0.2200754616825295,0.3607571261729296
32,Val,3,0.23525690270681984,0.2947626686797594,0.1505291362260587,0.26166939827311303
32,Train,4,0.7387881695305606,0.8252455368122592,0.6388435261703203,0.7796272333315326
32,Val,4,0.7102283679637377,0.8264371172589382,0.6180426760179957,0.7639386539754592
32,Train,5,0.4702961239904752,0.3207944091849053,0.235650021608452,0.3814187100048009
32,Val,5,0.4322206038266369,0.3238790344735175,0.2272104591504426,0.37028767877791724
32,Train,6,0.6625691031181046,0.3614503981527244,0.30525888935463075,0.46773692002904443
32,Val,6,0.5410688743441805,0.24045536849400154,0.19972160890848298,0.332946585057554
32,Train,7,0.7214946798461495,0.45591804257003066,0.3876888204745864,0.558754688315832
32,Val,7,0.34851694914885045,0.03086014445171104,0.02917701312519583,0.05669969691121463
32,Train,8,0.7626249513171733,0.30462288366296647,0.278240894235713,0.43534969485534986
32,Val,8,0.2165032679720874,0.02742987268395877,0.024952919020692133,0.04869085698408471
32,Train,9,0.02997038853826161,0.04747240252046834,0.01871567858343257,0.036743669622802226
32,Val,9,0.023285643808561136,0.04498665650010487,0.015582700561231044,0.030687206999835945
32,Train,10,0.21158641025080513,0.1419862654949453,0.0928579584379907,0.1699360014624903
32,Val,10,0.16177861873210805,0.07480314960626648,0.05390920554853281,0.10230331604663657
32,Train,11,0.5343439845073024,0.3417154467611299,0.263305823324591,0.4168520645714652
32,Val,11,0.4987260440896761,0.29562019830576675,0.22790320947650403,0.3712071193372862
32,Train,12,0.28736957049242456,0.14317666616287045,0.1056611349036167,0.19112751477637496
32,Val,12,0.23125827814508276,0.08483965014569014,0.06617647058818513,0.12413792710710786
32,Train,13,0.21543880615790367,0.24850448201931208,0.130450182815354,0.23079332815657452
32,Val,13,0.21897782454891926,0.22843122991254403,0.12587550197875283,0.22360465068132923
32,Train,14,0.4991726549887226,0.4416307113947149,0.3060303141294399,0.46864197188342294
32,Val,14,0.45154262012391627,0.3700997946807649,0.25532321395629065,0.40678481527338944
32,Train,15,0.474834078766703,0.587813813094151,0.3562245924076548,0.5253179909133291
32,Val,15,0.47648493593046326,0.5117909496494525,0.3275869102651891,0.49350728666798854
32,Train,16,0.0,0.0,0.0,0.0
32,Val,16,0.0,0.0,0.0,0.0
32,Train,17,0.14263832006168944,0.16703134541011513,0.0833497324302139,0.15387409484408412
32,Val,17,0.12684535650710563,0.09743837213974446,0.05832089731862073,0.11021400950515588
32,Train,18,0.6336022964637723,0.36751216171875994,0.303096846846846,0.4651946546454568
32,Val,18,0.5015404014789345,0.276155787039062,0.21668463994019224,0.35618866227259105
32,Train,19,0.6358052694722023,0.6282962802693811,0.4620187334289234,0.6320284675018034
32,Val,19,0.5393290714397588,0.5068333061528443,0.3537079914940463,0.5225764940970226
33,Train,0,0.854848397717028,0.8227670129199084,0.7219127386145665,0.8385009508579423
33,Val,0,0.7302631546730883,0.7366673516588484,0.5790943992190065,0.7334512687243467
33,Train,1,0.9056322240284529,0.8692995561657703,0.7970970133836114,0.8870940221440358
33,Val,1,0.9002097707483973,0.8561820969265933,0.7819659688177433,0.8776441054981831
33,Train,2,0.7692802844426947,0.7453887908200983,0.6091996171874083,0.757146107491849
33,Val,2,0.7794662972747283,0.8157002458656437,0.6627477744662812,0.7971717424481736
33,Train,3,0.3554872792845963,0.34314080804469804,0.2115374327764477,0.3492049424569078
33,Val,3,0.2270743029296586,0.278814758893974,0.14305219327973825,0.2502986150466687
33,Train,4,0.6730821442577432,0.7483040855477207,0.5488299837270726,0.7087026796125783
33,Val,4,0.7197688728325131,0.7689792302364087,0.5917999772010423,0.743560725847583
33,Train,5,0.43230031359526894,0.34942918452152716,0.2395199868465171,0.3864721607142558
33,Val,5,0.4061964841155763,0.3451809062761933,0.22941597374718203,0.37321130616947373
33,Train,6,0.4868832193418633,0.4228457670644369,0.29249951484571,0.4526106327635725
33,Val,6,0.3857358771602336,0.33921485533760853,0.2202433808171617,0.3609827043382155
33,Train,7,0.6524723856713502,0.5029242092698423,0.39666750345167623,0.5680199461047808
33,Val,7,0.21394460362839568,0.04202232435977673,0.03640204761514877,0.07024695923120927
33,Train,8,0.6809686917849402,0.2938110918094081,0.258261543370195,0.41050533902351016
33,Val,8,0.21273801707017245,0.03353690094189676,0.029834254143618934,0.05793991181033476
33,Train,9,0.02792590513611145,0.03771260719190898,0.016306463177298718,0.03208965264676904
33,Val,9,0.01743437345218679,0.03354937094923075,0.011605670952844309,0.02294504471403042
33,Train,10,0.14484957804546536,0.19628411802359946,0.0909225699054387,0.1666893137026367
33,Val,10,0.11951515151510322,0.12939632545926097,0.0662456328943684,0.12425960433359937
33,Train,11,0.4516870578017865,0.3421992162933247,0.24176800716388505,0.38939319216426005
33,Val,11,0.4533508541390613,0.29450390701940554,0.21732810001448435,0.3570575543369698
33,Train,12,0.2168828041690286,0.19056974459719192,0.11288965282624969,0.20287662800875314
33,Val,12,0.15451478982854888,0.11574344023312366,0.07086333075500037,0.13234803377372095
33,Train,13,0.1324350624134818,0.3154862746093763,0.10287451499952562,0.18655705849338516
33,Val,13,0.15000476647917413,0.27055695901169596,0.10680868838763018,0.19300297688041088
33,Train,14,0.4871481749458823,0.4418445128741023,0.3015678708087363,0.46339168986273377
33,Val,14,0.4150097283349029,0.3809100892899412,0.24783924344004574,0.3972294374120143
33,Train,15,0.4601843405070638,0.5720183128040166,0.3423206191991865,0.5100429971596528
33,Val,15,0.45261051517262746,0.5316180828105896,0.3235769723928947,0.48894318328956443
33,Train,16,0.0,0.0,0.0,0.0
33,Val,16,0.0,0.0,0.0,0.0
33,Train,17,0.11503737426558357,0.380597394667161,0.09689663883508667,0.17667414312252436
33,Val,17,0.08954492415401523,0.3086017613703669,0.07458233310331368,0.13881175770809706
33,Train,18,0.5237141467489081,0.5175202797212282,0.35189831376736147,0.5205987858762733
33,Val,18,0.3956109760822812,0.40587574358479706,0.2505296216331662,0.4006776235818661
33,Train,19,0.6626077104662913,0.6452302500209778,0.4856672462059902,0.6538035266413067
33,Val,19,0.5423973771699303,0.4356162520377082,0.31854588152818053,0.4831775408557163
34,Train,0,0.8687953421869722,0.8359558131845836,0.7422502368641729,0.8520592700232531
34,Val,0,0.7698027917229128,0.7649351348627741,0.622535386233379,0.7673612390325244
34,Train,1,0.9222298055352556,0.8977365622519934,0.834556684128032,0.9098183629459633
34,Val,1,0.9140354356996365,0.8831061517385802,0.8153838876757004,0.8983046381253803
34,Train,2,0.8406698029842192,0.9333137011933127,0.7930347514576055,0.8845726457254266
34,Val,2,0.8484949601718802,0.9186646211522181,0.7892074838324903,0.8821866513502787
34,Train,3,0.3625326537534586,0.42008116178757965,0.24161215694102844,0.3891910247545234
34,Val,3,0.2465235439985414,0.3396055487401454,0.1666388842584721,0.2856734567377902
34,Train,4,0.7818567664802445,0.8470949220199797,0.6851605700503515,0.8131694724185649
34,Val,4,0.7570952806433177,0.8546582080982631,0.6707375534601356,0.8029238917979418
34,Train,5,0.5176050387029054,0.3722699072303233,0.2763806700181176,0.4330693395855874
34,Val,5,0.4656318834015619,0.33588500404651395,0.24243431100915638,0.3902569429003246
34,Train,6,0.5780153183195089,0.4095901940050276,0.3153059614090623,0.47944123643846404
34,Val,6,0.46500188084132504,0.3095504102938881,0.22825731858014173,0.3716767035380198
34,Train,7,0.6799592779279716,0.5447384125720023,0.43357241248271294,0.6048838623945731
34,Val,7,0.3353741496575825,0.046243316761986446,0.04236123045193129,0.08127936478122028
34,Train,8,0.543224116968375,0.45178770515168876,0.32740835384522515,0.49330464074035385
34,Val,8,0.2365532381993477,0.13383707690701394,0.09346537516257519,0.17095259669322024
34,Train,9,0.03597315992212319,0.08229497323159032,0.025673997871581877,0.050062682205117406
34,Val,9,0.019361017992734923,0.05394586351495626,0.014453524004078419,0.028495188178511426
34,Train,10,0.18688286982513147,0.15007565617177587,0.090791465690236,0.1664689646949831
34,Val,10,0.14830862789802485,0.08534558180223738,0.057274542038498924,0.10834374102454318
34,Train,11,0.46780691752179554,0.3572541241352274,0.254015863952487,0.40512383961889814
34,Val,11,0.4360349182432596,0.3230678311115887,0.22785689475507057,0.3711456811077631
34,Train,12,0.19358175504268316,0.23756989572306558,0.1194020781430213,0.21333188084071836
34,Val,12,0.15437897333698228,0.15811467444105137,0.0847307572127462,0.15622448969546124
34,Train,13,0.23458908451596097,0.20136619059192395,0.12152366523851063,0.2167117221287316
34,Val,13,0.21947428649503503,0.1699578081394355,0.1059304568611523,0.19156802036480552
34,Train,14,0.5553599760998092,0.40848257369468527,0.3078136572856764,0.470730141679234
34,Val,14,0.503704892207984,0.32978083369141675,0.2489044255441654,0.3985964297458437
34,Train,15,0.5202439744171401,0.5630941530159831,0.3706343421632714,0.5408216142564676
34,Val,15,0.5093820334806075,0.5144734046716479,0.3440093010041171,0.5119150550329729
34,Train,16,0.0,0.0,0.0,0.0
34,Val,16,0.0,0.0,0.0,0.0
34,Train,17,0.1522413817098587,0.13915886423771892,0.07840340591447381,0.14540644585114054
34,Val,17,0.13517982637446507,0.10519966220287723,0.06288008076339137,0.11832017418625025
34,Train,18,0.6308959042312949,0.4180581058764134,0.3359019165988692,0.502884095341071
34,Val,18,0.4963043241909206,0.3149437547637578,0.23865990161126294,0.38535177954646677
34,Train,19,0.5911085723471938,0.7256737341986503,0.48314632305870614,0.6515153789993764
34,Val,19,0.5111157735132392,0.6240800175891814,0.39079864305308765,0.5619773093143627
35,Train,0,0.9154049905997127,0.7217313400665168,0.6766038191302562,0.8071123389762969
35,Val,0,0.8363052254315505,0.5544983733082244,0.5002082156619609,0.6668517167728005
35,Train,1,0.8903637665615711,0.8891045743235289,0.8013696758165065,0.8897337199260306
35,Val,1,0.8779850043075555,0.8662871557648555,0.7732018996160346,0.8720968496037084
35,Train,2,0.8669937988030153,0.9098957566452849,0.7984428555874121,0.8879268514018323
35,Val,2,0.8648214211945713,0.8769071043728416,0.771200455742695,0.8708223270996467
35,Train,3,0.3034072471606169,0.44959036267576374,0.22123173608023136,0.36230917786708866
35,Val,3,0.2020482399686382,0.3407001981692289,0.14525499283862428,0.25366401556093615
35,Train,4,0.7383542958192105,0.9030630801175146,0.6841322385909105,0.8124447935221255
35,Val,4,0.6768581452827881,0.9024584301427362,0.6307163702330655,0.7735451458665559
35,Train,5,0.4811493173240597,0.4134473883814186,0.28595576968130043,0.4447365503958036
35,Val,5,0.4368298078374893,0.36507948293397346,0.24824055655965707,0.3977447330316158
35,Train,6,0.48812658825967137,0.4570070566908836,0.3089472110173273,0.47205449562535273
35,Val,6,0.36930490352193884,0.3439727241205949,0.21668486834119444,0.35618897044182274
35,Train,7,0.48451986375639833,0.6310324249053848,0.3775574572417694,0.5481549272191036
35,Val,7,0.1867311679335268,0.2534471437949034,0.1204690356234694,0.2150332210109933
35,Train,8,0.6296013940315728,0.4496616453627396,0.35559337324687207,0.5246313193466466
35,Val,8,0.2817279313112913,0.10868440120059135,0.08510293402489455,0.1568568827463086
35,Train,9,0.04091438555618779,0.05325247548204233,0.023685596881250937,0.046275134549371724
35,Val,9,0.018088386433691584,0.03354937094923075,0.011891891891883857,0.0235042689524819
35,Train,10,0.18327794561930766,0.176526217773355,0.09880373618676871,0.17983872858605812
35,Val,10,0.12930832356381633,0.09650043744527712,0.058492867370191846,0.11052103718965994
35,Train,11,0.4900249714998521,0.3493493299791641,0.256201572389503,0.4078988196931779
35,Val,11,0.47494414299368287,0.2931249589597829,0.22138464590353568,0.36251420674666374
35,Train,12,0.23658444022761418,0.18842375698951538,0.11717824852914097,0.20977537993836567
35,Val,12,0.15732017347067845,0.10223517978610083,0.06605965463104171,0.12393237432619529
35,Train,13,0.2211706197398538,0.20973165927220386,0.12063608649474022,0.2152993021534085
35,Val,13,0.21043830937807556,0.15646699379684997,0.09858908436324632,0.17948308986401001
35,Train,14,0.381507344088603,0.564578439902466,0.29477529213494885,0.45533042035912874
35,Val,14,0.3248118156226934,0.5002626175810055,0.2452389423616978,0.3938825410073471
35,Train,15,0.5033094102149002,0.5584974399502377,0.36005312755843377,0.5294692050947346
35,Val,15,0.4976726880725482,0.5100142005747262,0.33669098416864673,0.50376786379961
35,Train,16,0.0,0.0,0.0,0.0
35,Val,16,0.0,0.0,0.0,0.0
35,Train,17,0.10060093826327278,0.4097420109911956,0.08786709042052329,0.1615401173039053
35,Val,17,0.07769665865514234,0.3457996541599928,0.06773959761150228,0.1268841132491412
35,Train,18,0.4311950446838931,0.4762387086737614,0.29248973268794587,0.4525989213955335
35,Val,18,0.33921442181110945,0.43145987927423896,0.23442808674407312,0.37981650971753667
35,Train,19,0.5280284265072661,0.7477884937168678,0.4482065988783988,0.6189815675642256
35,Val,19,0.42684664198579764,0.6387713452095507,0.3438473606057342,0.5117357334749745
36,Train,0,0.9182638543543407,0.8295691585441741,0.7725249233308374,0.8716660722143721
36,Val,0,0.8270250152382437,0.7332541640444292,0.6357534261829836,0.7773218285006374
36,Train,1,0.8993067003251137,0.9006812483828759,0.8181709910100086,0.8999934445220497
36,Val,1,0.8909043626814497,0.879154823750845,0.7937068462328706,0.8849905918748499
36,Train,2,0.8671841489166888,0.9127641446535767,0.8008130618230914,0.8893905473045495
36,Val,2,0.8581520936121084,0.886245810298226,0.7730067753815791,0.8719727207853966
36,Train,3,0.37286147902868244,0.469028355580487,0.26218997180782927,0.415452466823179
36,Val,3,0.24168743702600604,0.34405963952055413,0.1654520207291356,0.2839276348776321
36,Train,4,0.778415991473384,0.8545784100513177,0.6873665816425911,0.8147210984399406
36,Val,4,0.7356894954609926,0.8402859774823649,0.6454360654742872,0.7845167307582621
36,Train,5,0.45950148267501356,0.44878867834012226,0.29372960049048674,0.4540818995642516
36,Val,5,0.4195900253592244,0.4127766681763539,0.262750194957097,0.4161554563202429
36,Train,6,0.5769786551830322,0.43298301646558873,0.328652686150922,0.4947157166390882
36,Val,6,0.4461668622580044,0.3149054205030792,0.22640464220917275,0.3692168660198546
36,Train,7,0.6899134702309984,0.5313308136064191,0.42890405459647873,0.6003258927073695
36,Val,7,0.061781609194514635,0.004033392739889285,0.0038006010252750566,0.007572421144045161
36,Train,8,0.7091014380847847,0.3809795431563222,0.3294840460119897,0.4956570091648891
36,Val,8,0.31617235590198,0.058482558741270584,0.05191583203156122,0.09870719512901278
36,Train,9,0.107576023905594,0.02899512010232198,0.02337305224563727,0.04567845612686503
36,Val,9,0.02414231257926212,0.007243614182220275,0.005603066941896781,0.011143691464092427
36,Train,10,0.29086353122571906,0.0658645172554173,0.05675136957965416,0.1074072286489403
36,Val,10,0.18033233451326525,0.028958880139969834,0.02559047508600039,0.049903883635666536
36,Train,11,0.43181772213340835,0.4131295051037286,0.26764156501897557,0.42226693923120506
36,Val,11,0.41288687782790484,0.37448289447751837,0.24436017738924004,0.3927483034669016
36,Train,12,0.18252058264720658,0.2613268852953721,0.12040273503319635,0.21492759443667156
36,Val,12,0.13486325055003545,0.16676384839633937,0.0805709456286597,0.14912661363579302
36,Train,13,0.2433767328023655,0.2200488287980998,0.13066255379829717,0.23112563609692197
36,Val,13,0.23411128691979266,0.18786620286478925,0.11635469997951126,0.20845470928598375
36,Train,14,0.5258461495578306,0.4481546259810237,0.31917579930885914,0.48390183658481284
36,Val,14,0.4665416439640053,0.3516115169746119,0.25078500153252387,0.40100416643944187
36,Train,15,0.470172459462219,0.6398646801990935,0.3717873499355204,0.5420480756054091
36,Val,15,0.4671757727310247,0.5815727975132157,0.34965069752933475,0.5181350920433294
36,Train,16,0.0,0.0,0.0,0.0
36,Val,16,0.0,0.0,0.0,0.0
36,Train,17,0.11576469199034252,0.3990942397719826,0.0985815469120176,0.17947060056558672
36,Val,17,0.09612848810272205,0.32541118751746273,0.08015531826375576,0.14841442708646937
36,Train,18,0.5832921503409,0.5115510004164281,0.37463762455839483,0.5450711001117972
36,Val,18,0.4265866884931864,0.3961062001173923,0.2584804264867705,0.41078179351024485
36,Train,19,0.6331496574293725,0.6940137117737027,0.4949762042111328,0.6621860589984986
36,Val,19,0.5322250783564212,0.6046480611290184,0.39482635969734037,0.5661297601374505
37,Train,0,0.8836132781728206,0.8523512508935256,0.7663175550145179,0.8677007692355265
37,Val,0,0.759490881040276,0.8204948344014911,0.6512756257850667,0.788815157800679
37,Train,1,0.923269402039936,0.8882977837617356,0.8272283192444526,0.9054460309811063
37,Val,1,0.9122060439587326,0.882796876126575,0.8136650361916452,0.897260536451914
37,Train,2,0.8584408807745121,0.9087797025730772,0.7903393516951172,0.8828933425102854
37,Val,2,0.8575525874190867,0.8963766419404694,0.7802066446610234,0.8765349152611966
37,Train,3,0.4182503878220887,0.38947959470149357,0.25262471319358304,0.40335258821761194
37,Val,3,0.2737363940079258,0.287628574124698,0.16313597876233282,0.28051058317334154
37,Train,4,0.7597835236833055,0.8889576628800776,0.6939252866575152,0.8193103768088398
37,Val,4,0.7317629596732166,0.8832714740564749,0.667237153392009,0.8004106049377481
37,Train,5,0.5692140357514244,0.2926182959164442,0.2395651579705748,0.38653095991028213
37,Val,5,0.5298571123906209,0.258258280555062,0.2101107849177745,0.34725875493465774
37,Train,6,0.6607855102455351,0.40309998057789315,0.3339874481476034,0.5007355136242922
37,Val,6,0.5125384953803809,0.29173248064100404,0.22836937181455588,0.37182524119389426
37,Train,7,0.6471423652950923,0.5982494529539292,0.45110097798037274,0.6217361592382119
37,Val,7,0.4348826507112983,0.08864084044640405,0.0794852384556485,0.14726507432566022
37,Train,8,0.7280340231494528,0.4305271072621975,0.37087912087903807,0.5410821596581866
37,Val,8,0.43052256531810856,0.07504399130517023,0.06826741996227093,0.12780960522844861
37,Train,9,0.06418566532556094,0.0816316861704261,0.0372717833347674,0.07186502395519463
37,Val,9,0.03255484784142597,0.04384292794501746,0.01903815909277457,0.03736495327658871
37,Train,10,0.1814613917840344,0.14261188383865703,0.08678406686321136,0.15970801713310828
37,Val,10,0.15416385704639735,0.08000874890635169,0.055601155190741575,0.1053450018370101
37,Train,11,0.4710471180849116,0.4089594117362093,0.2802564663603206,0.43781300159701075
37,Val,11,0.4288276598990884,0.3689342701423702,0.24737479361579587,0.3966326588944787
37,Train,12,0.21475738458810958,0.22019041861864286,0.12198184923476743,0.21743996395918241
37,Val,12,0.15985663082418175,0.13002915451882407,0.07724281260819926,0.1434083551813996
37,Train,13,0.217625888772684,0.2702597793634745,0.1370767124699138,0.24110371473979383
37,Val,13,0.21300618546092448,0.21908024389273228,0.12107656096953925,0.21600051661535657
37,Train,14,0.4275411139962938,0.5427023913101415,0.31430856278053354,0.4782873191910144
37,Val,14,0.392889625154259,0.46203504750986374,0.2695721457345359,0.42466612628050293
37,Train,15,0.45710800205349283,0.6928916377990685,0.38009894434500535,0.5508285367469657
37,Val,15,0.4571896440361084,0.6284201581071793,0.3598975920163758,0.5293010162148667
37,Train,16,0.0,0.0,0.0,0.0
37,Val,16,0.0,0.0,0.0,0.0
37,Train,17,0.1530069244984578,0.17484225524117458,0.0888486650720739,0.16319744921786847
37,Val,17,0.12841156514247384,0.10198254715080146,0.06026615969580317,0.11368118567001124
37,Train,18,0.6297856610484532,0.46237662504407007,0.36355956783215715,0.5332507256450161
37,Val,18,0.5318285117032702,0.30369142216342326,0.23962877992507992,0.3866137684727535
37,Train,19,0.6880513061125308,0.6408002612536725,0.49654191660863944,0.6635857069706992
37,Val,19,0.6101924567007443,0.4882359116499931,0.3721598544106097,0.5424438702622615
38,Train,0,0.8109532943266382,0.8312448897190338,0.6963150402876347,0.8209737218735312
38,Val,0,0.6401767259585451,0.7591807065365032,0.5321192194571673,0.6946185504325189
38,Train,1,0.9152460120979865,0.8688499307417764,0.8041499561312493,0.8914446927109239
38,Val,1,0.9107103529363101,0.857180601778236,0.7907268291060665,0.8831350620106406
38,Train,2,0.7093964079558378,0.8934570378740363,0.6540662608286181,0.7908585916265786
38,Val,2,0.6924595491592759,0.8855000602135158,0.6355529285191963,0.7771719440066371
38,Train,3,0.1668860350344875,0.3436716775988186,0.12655237035463449,0.22467196591328598
38,Val,3,0.15749178413644263,0.24691893932240316,0.10638920738697874,0.19231786435718154
38,Train,4,0.7201125098035931,0.5823466894825707,0.4748649152905971,0.6439436001515054
38,Val,4,0.7023306631327709,0.6175516704826065,0.4894454854853009,0.657218389725183
38,Train,5,0.5089923691515165,0.31263897622736164,0.2401973358170455,0.38735340894016773
38,Val,5,0.4688038896339734,0.29066029120228304,0.2186494638069583,0.35883897284935307
38,Train,6,0.7368985156843011,0.31899695720665533,0.28637990574763583,0.44524934159164054
38,Val,6,0.6366124992715728,0.21054050930380813,0.18795247020786754,0.3164309561245592
38,Train,7,0.6799142561472725,0.5489357469662723,0.4362087225936302,0.6074447427893453
38,Val,7,0.28284182305503647,0.05937529312441668,0.05160606554699852,0.09814714032126363
38,Train,8,0.684749754661164,0.4522803287613233,0.3743347639484175,0.5447504792510564
38,Val,8,0.31640624999897005,0.10061070282569028,0.0826460335004824,0.15267415011231739
38,Train,9,0.058099128208236886,0.09030179561278708,0.03664891264636748,0.07070650386969538
38,Val,9,0.023752426630097346,0.03964925657636361,0.015077926785056123,0.029707915045777064
38,Train,10,0.19277394818156393,0.14159343537214958,0.08888970077818778,0.16326667073113138
38,Val,10,0.14570167085088243,0.07362204724406228,0.051423857247601006,0.09781755387888398
38,Train,11,0.5855973972368501,0.23336074694013514,0.20028565971615056,0.3337299844403471
38,Val,11,0.5890209172143877,0.19692691575277532,0.17313743036106194,0.295169898559659
38,Train,12,0.16742028985487833,0.04364515641528075,0.03586152088609848,0.06923998712944197
38,Val,12,0.15053265400578725,0.0315840621962764,0.026806334543032984,0.052213026291875714
38,Train,13,0.12844010388194937,0.25996800371475204,0.09405251884672605,0.17193418927343923
38,Val,13,0.14867141226972516,0.21712275318420027,0.09678731671078204,0.1764924021096226
38,Train,14,0.5925822174911458,0.34548834336516565,0.2791749549493278,0.43649221069111166
38,Val,14,0.5034258273221276,0.23926849066511588,0.193581036707369,0.3243701569436831
38,Train,15,0.6654573504200072,0.2035495362560393,0.1846539652238533,0.3117432913231764
38,Val,15,0.6458939919861375,0.18330482036831836,0.16656573928628593,0.28556596798297124
38,Train,16,0.0,0.0,0.0,0.0
38,Val,16,0.0,0.0,0.0,0.0
38,Train,17,0.11731040062324953,0.19921636474656534,0.0797189981673753,0.14766619052572982
38,Val,17,0.08639090804197347,0.12044074476208612,0.05297134771842006,0.10061307987554366
38,Train,18,0.5426026006962725,0.39678384442782216,0.297332924726595,0.45837566578998734
38,Val,18,0.414262995775102,0.2758579150714424,0.19845285899650755,0.3311817475858849
38,Train,19,0.5468960547403214,0.7455073770798416,0.46085723357233516,0.6309408194248739
38,Val,19,0.43325179107127015,0.4753444383774341,0.29309489195514676,0.45332309415620714
39,Train,0,0.9219672499033568,0.6451520925020814,0.6117482618756951,0.7591114225991048
39,Val,0,0.8892614948639149,0.5216172665452768,0.4898015792853707,0.6575393429891678
39,Train,1,0.9328637221102983,0.850175065598335,0.8011560552839784,0.889602040245711
39,Val,1,0.9303574376933454,0.8125547873208345,0.7659654289366841,0.867474993554248
39,Train,2,0.870224817967096,0.8540907368835507,0.7575963467918045,0.8620822907160248
39,Val,2,0.8704138128251342,0.7945791373982762,0.7105266678260357,0.8307694664142466
39,Train,3,0.31987094661881776,0.4787524565477921,0.23724663379935504,0.38350741775730685
39,Val,3,0.20090926222554875,0.32194017174666,0.14117238125976436,0.24741639541583182
39,Train,4,0.6410401899187207,0.9110559759836718,0.6032847677151312,0.7525609623148589
39,Val,4,0.5926490100587757,0.9023131278504867,0.5569162640410991,0.71540939378498
39,Train,5,0.4344551613953011,0.475976156055304,0.2938860752780142,0.4542688535957511
39,Val,5,0.38980101633917585,0.43911258287976657,0.2602315379098111,0.4129900370561851
39,Train,6,0.41470969633928184,0.4882766136515414,0.28907208197055495,0.4484963762885387
39,Val,6,0.30062018472956403,0.3930924220825995,0.20532246704897825,0.3406930007567099
39,Train,7,0.5600061571087995,0.6513427491544358,0.4308516237696154,0.602231025293446
39,Val,7,0.22305239179934117,0.22962198668020858,0.1275797373357684,0.2262895124717259
39,Train,8,0.5237570545550864,0.5053021856930423,0.3462249067329284,0.5143641328232964
39,Val,8,0.176791808873519,0.16085291377687522,0.09196898857779963,0.16844614969092278
39,Train,9,0.059570941902164096,0.03065333775523255,0.020657067143443484,0.04047797349158007
39,Val,9,0.02562747688236294,0.01849027830724649,0.01085739870157728,0.021481558634299056
39,Train,10,0.21205520574018671,0.1685532212069824,0.10364200789056052,0.1878181591974492
39,Val,10,0.13876274845519335,0.08153980752402382,0.0541404048912097,0.10271952802954097
39,Train,11,0.5267106624126966,0.34981374873007115,0.2661528382029058,0.42041186045784745
39,Val,11,0.5048238725597347,0.29548886991913603,0.22908924298726543,0.37277885463862137
39,Train,12,0.26178124591295965,0.1815021913253192,0.12005437933582838,0.21437240698741558
39,Val,12,0.17448310640414444,0.10087463556841508,0.06828498125118855,0.1278403796172556
39,Train,13,0.2355714062525126,0.1586282953090196,0.10472253688770701,0.18959065418571028
39,Val,13,0.21941102270516705,0.11963178012616298,0.08391627855193774,0.1548390364409786
39,Train,14,0.5124936820294991,0.45464884591741755,0.31738542798151925,0.4818414079258886
39,Val,14,0.42123325099997583,0.3680657021438793,0.2444457129085092,0.3928587760412341
39,Train,15,0.3966013238265303,0.7111149107583998,0.34156898940266095,0.509208231581446
39,Val,15,0.4085396953635331,0.6717285565730695,0.34054851969068833,0.5080733916543647
39,Train,16,0.0,0.0,0.0,0.0
39,Val,16,0.0,0.0,0.0,0.0
39,Train,17,0.10265888307920654,0.3988779767962041,0.08890445216937386,0.16329155458885472
39,Val,17,0.08197032712148265,0.32971407889961407,0.07026188599046462,0.13129848909595218
39,Train,18,0.4240367878884728,0.49565975583494,0.2962261718801536,0.45705938529164275
39,Val,18,0.3574429819395163,0.4453131160036046,0.24732518272570586,0.39656888687886355
39,Train,19,0.4964459730942877,0.7171987620781785,0.41517351297999533,0.5867457322386758
39,Val,19,0.4337565999898987,0.6692203118118863,0.3571790026831255,0.5263550331071558
40,Train,0,0.8951488926638685,0.7264259687135177,0.6694626291397792,0.8020097165712058
40,Val,0,0.7979348701025489,0.6483411498186566,0.5569066812406054,0.7154014869358953
40,Train,1,0.8956982106981276,0.8696464065135775,0.7896772717075472,0.8824800758417072
40,Val,1,0.884144813309938,0.8501085310736568,0.7649021122582651,0.8667926708626166
40,Train,2,0.8952767373792501,0.7629063398025634,0.7004027540436012,0.8238080633004246
40,Val,2,0.8911703036268259,0.6758836988904954,0.6243504950057168,0.7687386348465218
40,Train,3,0.29579340522894465,0.45236211429006645,0.21780056330273792,0.3576949575403057
40,Val,3,0.19321893645745034,0.33492497876751254,0.13964102200922707,0.24506141261750966
40,Train,4,0.6137423903866741,0.8357243578181961,0.5476706561528512,0.707735396025151
40,Val,4,0.5515829958411137,0.8282837260021861,0.49498100224836517,0.662190352809533
40,Train,5,0.5004905345821181,0.36296700874536697,0.2664456151371487,0.4207770296121133
40,Val,5,0.45371317409698037,0.3359518276248423,0.2391970903246826,0.38605172520685066
40,Train,6,0.47359637351853984,0.4531711948898091,0.3013705510906895,0.46315870231772793
40,Val,6,0.3367272882512943,0.30386793543161694,0.19009001409857085,0.31945484606916547
40,Train,7,0.6068043264502249,0.6138054505668165,0.4391438005236766,0.6102848051266261
40,Val,7,0.22972370766437228,0.09670762592618261,0.07302734098309036,0.13611459085281694
40,Train,8,0.7303700024828754,0.38129067385714405,0.3342424655665407,0.5010220723530399
40,Val,8,0.2059447982971137,0.010040368491864154,0.009666168410553396,0.019147255331377733
40,Train,9,0.09171510196030763,0.04410858956742118,0.030698717314594025,0.05956874601411904
40,Val,9,0.03383865728198744,0.023827678230987748,0.014180374361867067,0.027964200967180997
40,Train,10,0.23137546793926503,0.1537711691788172,0.10177962674061539,0.1847549575754639
40,Val,10,0.15102974828361992,0.07506561679786743,0.052790254106917865,0.1002863610602433
40,Train,11,0.35691325489028936,0.46517343137724687,0.25306607994440244,0.40391497450363045
40,Val,11,0.34501987779814164,0.4245518418804831,0.23508344544227266,0.38067620978164096
40,Train,12,0.15129238795349584,0.26997128608122417,0.10736738349098973,0.19391465297416152
40,Val,12,0.11610630803706941,0.17619047619030495,0.07525319608165564,0.13997297340070283
40,Train,13,0.2132968115524057,0.1610189474600623,0.10102283745214466,0.18350724674712618
40,Val,13,0.19507500176055892,0.10991045802635868,0.07561694693163759,0.14060199528833728
40,Train,14,0.4064792911270508,0.5418798495074981,0.3025190023457589,0.4645137592787763
40,Val,14,0.36001849323477303,0.4759299049801389,0.25781270207492446,0.40993813874759605
40,Train,15,0.41307909205562554,0.6467868447235219,0.33704665266300937,0.5041658775505284
40,Val,15,0.42287567927870134,0.5901993671239857,0.32689311176840513,0.49271958026219376
40,Train,16,0.0,0.0,0.0,0.0
40,Val,16,0.0,0.0,0.0,0.0
40,Train,17,0.08980721633290548,0.5382149399551523,0.08338227584657244,0.15392955262022964
40,Val,17,0.08465579554590423,0.4361201592470197,0.07630392108576882,0.14178879798856855
40,Train,18,0.46049299662795684,0.4850058116745691,0.30927038126495365,0.47243164195798154
40,Val,18,0.39395705851127494,0.39743567279640013,0.2466408641903975,0.3956887154249183
40,Train,19,0.5654130583500966,0.7318435268437123,0.46837731516410913,0.6379522575248177
40,Val,19,0.48250178678467637,0.5968412094017591,0.36389854143653383,0.533615260973551
41,Train,0,0.9011747181521,0.8251602001154292,0.7566880146250731,0.8614939066495155
41,Val,0,0.7963476015178356,0.6802789927058196,0.57946889383494,0.7337515694958926
41,Train,1,0.9158696677838991,0.872330364579358,0.8076154287522943,0.8935699611652356
41,Val,1,0.9095990164265286,0.8464641069524359,0.7807799858499387,0.8768966268801445
41,Train,2,0.8649037522251741,0.9059721962574288,0.7936604648634927,0.8849617594065157
41,Val,2,0.8621295462193702,0.877643130534682,0.7696251867769108,0.8698171659219498
41,Train,3,0.2932610068775115,0.5522013220693421,0.23691823858048708,0.38307824783979616
41,Val,3,0.19034745168717748,0.4305369444181503,0.15206276621981826,0.26398347074375217
41,Train,4,0.7894206049499177,0.842411500170669,0.6878429907270014,0.8150556542176581
41,Val,4,0.7447919511746882,0.8463054423467188,0.6560546262000534,0.7923103642808376
41,Train,5,0.5509968287706659,0.36635754247890856,0.2821299125329464,0.440095666904925
41,Val,5,0.5020251470432264,0.3175010951641768,0.24145680406548606,0.3889894522764902
41,Train,6,0.5574810141680986,0.45385636289084497,0.3336532702978058,0.5003598377922646
41,Val,6,0.4050914359947025,0.3123434911583942,0.2141244206161324,0.3527223635331611
41,Train,7,0.5775089369044716,0.6523771633179526,0.44161213002606425,0.6126642766627717
41,Val,7,0.2965804186707885,0.2139574148764525,0.14193267376010082,0.2485832558107172
41,Train,8,0.7138058040228624,0.4572584199744725,0.3864154250656472,0.557430932720032
41,Val,8,0.30163678877395456,0.040057965013932245,0.03665814151744183,0.07072368214060579
41,Train,9,0.13321167883181292,0.027668545979993523,0.023447223672050647,0.04582009051816301
41,Val,9,0.034678794769558395,0.011627906976722021,0.008784562211968916,0.01741612757367293
41,Train,10,0.2730534377478618,0.1151574230343777,0.08813638590707673,0.1619951042502347
41,Val,10,0.1832783593859411,0.05590551181099916,0.04475573454734906,0.08567693135571006
41,Train,11,0.4495970758608416,0.4070146582167861,0.27165588231493715,0.42724746988802376
41,Val,11,0.43473082420182835,0.35951145840161547,0.2449883658492382,0.39355928052793776
41,Train,12,0.22596843615488496,0.2380232733866592,0.1311188811188593,0.2318392531176809
41,Val,12,0.14482607744460202,0.1286686103011383,0.07311685442894128,0.1362700650049601
41,Train,13,0.23079938958555057,0.2776203760470339,0.14420009534450942,0.2520539774380086
41,Val,13,0.22361253854056737,0.23021677886965095,0.12794672194411036,0.22686660040875975
41,Train,14,0.41661277892442095,0.5586276320595153,0.31343917706470564,0.47728007405902434
41,Val,14,0.34413478506973366,0.49350140858516034,0.25431219027276886,0.4055006229053474
41,Train,15,0.583467912469401,0.48106788339151574,0.3580893616189688,0.5273428514722843
41,Val,15,0.5667111701919838,0.43807654892488856,0.3281622212021992,0.49415984387686057
41,Train,16,0.0,0.0,0.0,0.0
41,Val,16,0.0,0.0,0.0,0.0
41,Train,17,0.10563691878120682,0.4889833095867483,0.0951343805919702,0.1737401010835314
41,Val,17,0.08468812209687342,0.36952587766905154,0.0739962313378691,0.13779606957574145
41,Train,18,0.5430847231079386,0.4943479681556901,0.3491376373739721,0.5175715573218309
41,Val,18,0.38328759385801336,0.41020583829056084,0.24710837086475265,0.3962901276642413
41,Train,19,0.5878393872251795,0.8200556680622422,0.5206775769328338,0.684796805230411
41,Val,19,0.47094710729402245,0.6746086505251951,0.38377085078332324,0.5546739869769526
42,Train,0,0.8979164467031688,0.817746111453977,0.7481878100918558,0.8559581543948838
42,Val,0,0.8176894350563884,0.7014358654662162,0.6065733296966233,0.7551143971974847
42,Train,1,0.9239417157062532,0.864004962035358,0.806633682228616,0.892968713748395
42,Val,1,0.9185036620799587,0.8535176780421866,0.793430910885995,0.8848190377364171
42,Train,2,0.8340273547611546,0.9366444922748065,0.7894888252513387,0.8823623927148646
42,Val,2,0.8449863857966897,0.9196871290416856,0.7869199324914556,0.8807556664667974
42,Train,3,0.4223236879744535,0.4310609734309777,0.271171038096942,0.4266475978327956
42,Val,3,0.24522673934434927,0.30567141643855705,0.15749654783435854,0.27213307075534987
42,Train,4,0.7517461863752832,0.8949024933035382,0.6907621118903909,0.8171014749355978
42,Val,4,0.7150810075386389,0.8964107512410523,0.6605006797969272,0.7955439991497129
42,Train,5,0.5303508201204007,0.3646249991896371,0.2756272664902446,0.4321438881890384
42,Val,5,0.47378584219719155,0.32609163740039004,0.2393901734418986,0.38630316034254886
42,Train,6,0.7349062925573664,0.3668346317356672,0.3239662097454141,0.4893874245736295
42,Val,6,0.5807669804794527,0.21032862041063868,0.18260418757104446,0.30881707875198017
42,Train,7,0.6620462334372396,0.603322060871175,0.4612635357098703,0.6313214841708253
42,Val,7,0.1858472998130881,0.046806115748947746,0.03884175293839897,0.07477895677372098
42,Train,8,0.6338850697455003,0.4924939718425439,0.38342753330634166,0.5543153084221707
42,Val,8,0.22095907399706294,0.11065107131755443,0.07959791511535398,0.14745844096308394
42,Train,9,0.06309470208612845,0.09958781446908628,0.0401758409785856,0.07724816694684186
42,Val,9,0.024988257397815884,0.050705299275541925,0.017023999999989103,0.03347806492454512
42,Train,10,0.19622399999995815,0.1338241284990785,0.08644005676210786,0.15912530765977476
42,Val,10,0.14225754599022838,0.06968503937004826,0.04906822732171598,0.09354629895103664
42,Train,11,0.5527965580822752,0.3480818538048137,0.27160102371297745,0.42717961944550914
42,Val,11,0.5210572687221608,0.2912535294502951,0.2297472288407154,0.3736495120691319
42,Train,12,0.28232916182845985,0.1984282907661483,0.13189882064570513,0.23305761168100847
42,Val,12,0.17001891009081999,0.09611273080651495,0.0654187061780226,0.12280374530784298
42,Train,13,0.2759024576265227,0.14697976107988742,0.10606560381161532,0.19178898781038028
42,Val,13,0.2510656212176364,0.12620524554603063,0.09168740571339838,0.16797373094763093
42,Train,14,0.5754729874012139,0.4001264992086257,0.30893654680348887,0.4720420472501808
42,Val,14,0.5135162636094507,0.2891658310652448,0.2269848052113382,0.3699879597847157
42,Train,15,0.6047353399967318,0.46870552898046186,0.3587892270039615,0.5281013663210224
42,Val,15,0.5818894405415572,0.42001274697258933,0.32264104755482936,0.4878739321314879
42,Train,16,0.0,0.0,0.0,0.0
42,Val,16,0.0,0.0,0.0,0.0
42,Train,17,0.11951907473280321,0.3757123956848698,0.09971605200873453,0.18134872145053563
42,Val,17,0.08961099866711636,0.2919934049140258,0.07361558894498108,0.13713583851405736
42,Train,18,0.5753425909121656,0.47056154159168395,0.3492576905148397,0.51770345965904
42,Val,18,0.4312070883827458,0.3849524280945789,0.2553107886288676,0.4067690452649356
42,Train,19,0.5494432177683433,0.8324551071352365,0.4947334962091117,0.661968831077561
42,Val,19,0.4818383002552646,0.7680881730553962,0.420641925668528,0.5921857080280765
43,Train,0,0.9260224643568657,0.7105815970298898,0.6724111538706978,0.8041218192139724
43,Val,0,0.8881739397102775,0.5593962320819369,0.5225896619251681,0.6864484521118931
43,Train,1,0.9315433468850768,0.8451195757564148,0.7957020248072786,0.8862294627239654
43,Val,1,0.9271019627020877,0.8102361689289919,0.7617085700525282,0.86473844609324
43,Train,2,0.851500191902903,0.9337469869352504,0.8029859639293588,0.8907290189674725
43,Val,2,0.8540629836692702,0.8886558471818135,0.7715044197215902,0.8710160773020494
43,Train,3,0.35204690169860303,0.4806207090171011,0.25502570408610314,0.4064071360339979
43,Val,3,0.20409679473570083,0.3266396149853116,0.14365516783424553,0.25122111833685457
43,Train,4,0.7190732155126105,0.9282193308162268,0.6811940128708164,0.8103693012472375
43,Val,4,0.6448653895033878,0.9269764285824995,0.6136899586361163,0.7606045404788017
43,Train,5,0.5074141229022092,0.37962308674709117,0.27739492822705525,0.43431349063652885
43,Val,5,0.4418556681698865,0.34991053065343436,0.24265625884980702,0.39054445516518194
43,Train,6,0.6466894348352432,0.4116942532208069,0.3360978123472084,0.503103599250981
43,Val,6,0.4738199638894526,0.28308356127436085,0.21537649851976795,0.3544193851642824
43,Train,7,0.7028438342729338,0.5703003779589079,0.45950537737807384,0.6296727383002646
43,Val,7,0.26998223800905874,0.04277272300905846,0.038338658146932623,0.07384615148488383
43,Train,8,0.5594925883692818,0.5088801887524933,0.3633149457627701,0.5329875440613013
43,Val,8,0.20709666721902323,0.12928268295194154,0.0864778785570266,0.1591893911378679
43,Train,9,0.06914119359530851,0.06751314729707324,0.03536682219794615,0.06831746749390545
43,Val,9,0.015592243186562379,0.022683949675900338,0.009326749745270533,0.01848112578195402
43,Train,10,0.18351371230427346,0.20328231391488633,0.10674122967851525,0.19289283539186158
43,Val,10,0.1310578166981137,0.11522309711281048,0.06532090070427901,0.12263140244181467
43,Train,11,0.5014734449538804,0.3671617241545772,0.26898213779414026,0.4239336814702338
43,Val,11,0.47836665608776135,0.296933482172074,0.22430555555549994,0.3664208687847313
43,Train,12,0.23550440317370436,0.2449146138732825,0.13643940797115015,0.24011734224300182
43,Val,12,0.151756129887175,0.13352769679287313,0.07646076794653507,0.14205954837014256
43,Train,13,0.2311798058618014,0.28502450509146204,0.1463248837412837,0.2552939100983077
43,Val,13,0.21393117831071062,0.20351290224447427,0.11644027394149482,0.20859202927361734
43,Train,14,0.49914448144535106,0.483369511315132,0.3254955518807211,0.4911303521252741
43,Val,14,0.42171541448737104,0.3588215632908028,0.24049053053333413,0.38773456392099165
43,Train,15,0.5398431781856887,0.44462133747285315,0.3224251903390521,0.4876271102810033
43,Val,15,0.5378573827967575,0.41357217134614277,0.3051397825156125,0.46759708560916363
43,Train,16,0.0,0.0,0.0,0.0
43,Val,16,0.0,0.0,0.0,0.0
43,Train,17,0.0961872540293584,0.456429371056323,0.08630132702812361,0.15889021456419908
43,Val,17,0.074470755585301,0.39369445449777063,0.06680860937094359,0.12524947278650705
43,Train,18,0.47564850285523713,0.453833361525558,0.3024945426784948,0.4644849241394769
43,Val,18,0.3696285629495041,0.40646820216745216,0.24005939976741836,0.38717402846876314
43,Train,19,0.4736949457568243,0.876284859520541,0.4440014913550887,0.6149598746597924
43,Val,19,0.4148864701942384,0.8179572115330598,0.37981571663504615,0.5505310730631351
44,Train,0,0.9001407871954618,0.8341859700214054,0.763527346191348,0.8659092737494306
44,Val,0,0.802018035046183,0.7436873689087957,0.6283357550875084,0.7717520776158332
44,Train,1,0.9240310512883722,0.8751249270197529,0.8163873696140673,0.8989132810914819
44,Val,1,0.9126332325753757,0.8683230620941903,0.8016831976287874,0.8899269240923916
44,Train,2,0.7957439077683001,0.9115888632825474,0.738731680215624,0.8497362580949747
44,Val,2,0.8089646129167074,0.9132319402442431,0.7512244465993565,0.8579419316537269
44,Train,3,0.4253714242065259,0.45481228146293073,0.28172220483195376,0.4395994710385201
44,Val,3,0.257749819184859,0.2892139284702672,0.1577939329035816,0.27257688183412115
44,Train,4,0.7505622594856232,0.8031285913811296,0.6339284348641473,0.7759561768526403
44,Val,4,0.7163250334652259,0.825109646802562,0.6219004288176454,0.7668786736019877
44,Train,5,0.5115362912495451,0.39669406753838826,0.2877093625879645,0.44685449648659603
44,Val,5,0.4601182372577479,0.36637140544832186,0.25622465352240065,0.4079280719476272
44,Train,6,0.5495514505510074,0.4917725889639131,0.3504927500567018,0.5190590570384603
44,Val,6,0.4076114812915583,0.3676464922756159,0.2396173354089992,0.3865988728515286
44,Train,7,0.6562857609938172,0.6388701014520313,0.478700253390896,0.6474608340629272
44,Val,7,0.299895779050808,0.10796360566540852,0.08623014683841307,0.1587695664222226
44,Train,8,0.6696367139119754,0.5046799242913986,0.40407290542215313,0.5755725367546837
44,Val,8,0.24008405568626193,0.09460718352127666,0.07280548032493801,0.13572913167358058
44,Train,9,0.09179160419786664,0.11602785805651393,0.054016498301633506,0.10249648993057994
44,Val,9,0.04674065968415392,0.05699580632852269,0.026357545839186917,0.051361328038555726
44,Train,10,0.2639735468705374,0.09640342198683344,0.07598013920899974,0.141229627447392
44,Val,10,0.1788417865250211,0.04133858267714727,0.03474392440897285,0.06715463026435281
44,Train,11,0.5237143010521093,0.3775627690967658,0.2810564374405605,0.438788528136429
44,Val,11,0.4733419380458333,0.31305404163099576,0.23218155696782522,0.37686256980937055
44,Train,12,0.29276693455785485,0.2081003475894792,0.13848381841218527,0.2432776178416312
44,Val,12,0.1693953639160814,0.10155490767725796,0.06779551057475815,0.12698219350273635
44,Train,13,0.311214662599768,0.20690931120921263,0.14191943068998628,0.24856294434911028
44,Val,13,0.2882394201542464,0.1630536855052888,0.11624814944034209,0.20828369914472142
44,Train,14,0.5013121183707863,0.5207461671630468,0.34304297646758974,0.5108443722529972
44,Val,14,0.4542587416275034,0.41126868165970387,0.27526301660550223,0.43169606558165846
44,Train,15,0.4961301239398614,0.6658411409353483,0.39722577801605696,0.5685921070845584
44,Val,15,0.4702565076490906,0.6063455324097301,0.3602664097794289,0.5296997762247425
44,Train,16,0.0,0.0,0.0,0.0
44,Val,16,0.0,0.0,0.0,0.0
44,Train,17,0.13485148514850817,0.34652961530628607,0.10751160367528229,0.19414984201538266
44,Val,17,0.10698728341763386,0.22025173925273644,0.0775965884136297,0.1440178762195254
44,Train,18,0.618678796872813,0.4885369729157607,0.37547747587819963,0.5459594636361197
44,Val,18,0.4549652827710772,0.36725204348930324,0.25504377559153135,0.4064300822804679
44,Train,19,0.6592247060727332,0.7273617726425733,0.5286068529478578,0.6916191015579589
44,Val,19,0.5463236661544301,0.5896470740482225,0.39582852247095474,0.5671592357000205
45,Train,0,0.9138742862716812,0.8464487083210266,0.7839147581213177,0.8788701927592467
45,Val,0,0.809204490439662,0.7592078756976282,0.6439382703014322,0.7834093017102032
45,Train,1,0.9106012282460033,0.8982252098935477,0.8254352358979586,0.9043708756159072
45,Val,1,0.9019296562819354,0.884478918028677,0.8068790544285978,0.893119047380838
45,Train,2,0.8506427071970423,0.9389399637025979,0.8060534479986672,0.8926130557074404
45,Val,2,0.8490056890596115,0.9218136761739136,0.7919748651424099,0.883912912034181
45,Train,3,0.3077591523238134,0.6164671652075946,0.2583017859052452,0.4105561734137165
45,Val,3,0.19625114903479507,0.46337642729065526,0.15990829631751358,0.2757257524598486
45,Train,4,0.7953390757366527,0.8590401072029565,0.7035241195041949,0.8259631985210235
45,Val,4,0.758837034473394,0.8444165125474759,0.6657542717765156,0.7993427108717165
45,Train,5,0.5087115648046969,0.43274847166667046,0.3051979818900429,0.4676654161023671
45,Val,5,0.43635984658992527,0.38859395766352184,0.25872774190995623,0.4110940438654206
45,Train,6,0.6563248071202128,0.4511480610284829,0.36493645916976375,0.5347303215806989
45,Val,6,0.5124261979951557,0.2875524906575707,0.2257781542091071,0.3683833826071946
45,Train,7,0.6407577519760609,0.6466083150983397,0.4745671153677002,0.6436697343043254
45,Val,7,0.44782890472814113,0.0648156833317092,0.060019108833440436,0.11324155793506123
45,Train,8,0.6668243083469018,0.5118100028518988,0.40758176412280983,0.5791233888550208
45,Val,8,0.31247540338326457,0.08218610909835194,0.06960028050484782,0.13014259627605199
45,Train,9,0.05465335162555361,0.16231581939633186,0.0426294374556668,0.08177293669152728
45,Val,9,0.024995371227535024,0.0772016774684003,0.019245390610141015,0.03776399462635105
45,Train,10,0.20750288497267444,0.15435313973110715,0.0971075514874053,0.17702466576252654
45,Val,10,0.1446211096074555,0.07480314960626648,0.051859040456101214,0.09860453938806356
45,Train,11,0.47074715346664875,0.41641913792265334,0.28363087588881963,0.44191967958914774
45,Val,11,0.43854859132619556,0.3638781272570872,0.24823616368395454,0.39773909427157694
45,Train,12,0.23376558851288476,0.2844189209610747,0.1471945439471684,0.2566165292246114
45,Val,12,0.15648299690838652,0.16724975704551287,0.08795420861650331,0.16168733059350354
45,Train,13,0.25565752157723765,0.27175801811670763,0.1517168190342685,0.26346201366560545
45,Val,13,0.22011749534314085,0.2031822450301952,0.11813742453953796,0.21131109496189338
45,Train,14,0.45676202478667377,0.5768631165722701,0.3421333028064152,0.5098350495900424
45,Val,14,0.40433046683043233,0.4525999140523848,0.2715412777806269,0.42710571706457084
45,Train,15,0.6319928350250108,0.4735923765312825,0.37122047973254174,0.5414453501267207
45,Val,15,0.5900592392517356,0.4108628805921705,0.3196269697950237,0.4844201792137423
45,Train,16,0.0,0.0,0.0,0.0
45,Val,16,0.0,0.0,0.0,0.0
45,Train,17,0.12838735387884695,0.3934459596987084,0.10717453980926663,0.19360007641418195
45,Val,17,0.10557514693533072,0.2528250291550035,0.08046845001918848,0.14895103651113106
45,Train,18,0.6409455469515075,0.47839286648365337,0.3772834447609542,0.5478660806176218
45,Val,18,0.47803570278136615,0.3575394461333551,0.25714951824585053,0.40909933374853363
45,Train,19,0.6105304699926527,0.8333551381742759,0.5441026507640182,0.7047493205538824
45,Val,19,0.5265412015836531,0.7152988279818541,0.4353118494388859,0.6065745867055798
46,Train,0,0.9077174393923573,0.7856207422392023,0.7275144056030977,0.8422672470308925
46,Val,0,0.8332698914359175,0.6428707627223287,0.5696013025480865,0.725791062691751
46,Train,1,0.9216242745479968,0.9002128574975712,0.836197832734136,0.9107927405612491
46,Val,1,0.9122358155531831,0.8808226351800019,0.8120111894301218,0.896254051451923
46,Train,2,0.9067560759441258,0.6306610461393882,0.5922520756975315,0.7439174749837576
46,Val,2,0.9042094666776048,0.32921687265176364,0.3181218269708897,0.482689563107799
46,Train,3,0.2726452087567403,0.5334371251371566,0.2201476737694684,0.3608541421191563
46,Val,3,0.15365812412562044,0.37727658771343264,0.12257111147900086,0.21837566977634815
46,Train,4,0.48115954340834366,0.8949106915276538,0.4554267755670495,0.6258326147394001
46,Val,4,0.37412785012926164,0.882537909085895,0.3563818697000024,0.5254889862880453
46,Train,5,0.513187900692729,0.34794461047758635,0.26160036263318165,0.4147119283468007
46,Val,5,0.4601466992664537,0.3144049360349625,0.22968274545325093,0.3735642275816723
46,Train,6,0.6266189592055634,0.4497345648373697,0.3546853991864648,0.5236424576572604
46,Val,6,0.44243792325042564,0.2718341873097292,0.2024735286521561,0.33676171822992174
46,Train,7,0.6945065156307232,0.6244479809029989,0.4898873248227957,0.6576166035465819
46,Val,7,0.2086720867197362,0.03611293499668313,0.03176305585345123,0.06157044367044593
46,Train,8,0.7086344334348846,0.49324587103619666,0.4100795412902481,0.5816402917284682
46,Val,8,0.24115176964462418,0.04161059931679783,0.0367929708950789,0.07097457376101801
46,Train,9,0.16580427446531878,0.03491732600557402,0.029699778359851017,0.05768628391373685
46,Val,9,0.008668242710727596,0.002096835684326922,0.0016912669126665264,0.00337681957996933
46,Train,10,0.14187502899288937,0.22248734214045532,0.09484881376957079,0.17326376020786896
46,Val,10,0.10369889682021294,0.1398075240594314,0.0633071864352937,0.11907600107115159
46,Train,11,0.42353975244201386,0.45223743408635747,0.2799331624463814,0.4374184019342466
46,Val,11,0.38017913525343766,0.387418740560645,0.23744365743717052,0.38376479271074015
46,Train,12,0.09890773726917183,0.3662082514733668,0.08445147664619149,0.15574966081775368
46,Val,12,0.0752196141569711,0.25879494654979707,0.06188705554263029,0.11656052000401697
46,Train,13,0.19400450414101503,0.1918797636192735,0.10676783702931948,0.19293627929965498
46,Val,13,0.173485927599559,0.1401457537000357,0.08403654590444103,0.15504374560519063
46,Train,14,0.5750627872409246,0.39979688859457,0.308621910881164,0.47167467570146165
46,Val,14,0.4939945001329737,0.26590268824903157,0.20898255726678908,0.3457164096545637
46,Train,15,0.49618045455627874,0.6240947602115874,0.3820123280957083,0.5528349015700906
46,Val,15,0.48178650464420686,0.5567251461988242,0.34821043296912557,0.5165520472190595
46,Train,16,0.0,0.0,0.0,0.0
46,Val,16,0.0,0.0,0.0,0.0
46,Train,17,0.15029224554745163,0.24991095053935353,0.1035718993014312,0.18770303371987862
46,Val,17,0.12464342551718326,0.1669280572645808,0.07684333290137232,0.14271961002689076
46,Train,18,0.5456795123937566,0.5134344449222387,0.35968042556623936,0.5290661179010494
46,Val,18,0.395856277317881,0.41606690730048695,0.25447695213599475,0.405710042848451
46,Train,19,0.582902137437687,0.776704543731174,0.49923998242244016,0.6659907481173684
46,Val,19,0.47517505754169864,0.7029421610268763,0.3957136745608455,0.5670413329245181
47,Train,0,0.9169761911092451,0.8309063554524824,0.7727701087808413,0.8718221280153546
47,Val,0,0.8313329382003743,0.7431069368302167,0.6457491972733034,0.7847479971331404
47,Train,1,0.891834585412121,0.8917962374131589,0.8047534858840402,0.8918154060003998
47,Val,1,0.8958223579464354,0.8727425726418169,0.7923264815366641,0.8841318646112981
47,Train,2,0.8547797209672101,0.9256323506785481,0.799849893960804,0.8887962181203133
47,Val,2,0.849321071801679,0.917614437482275,0.7891455474924863,0.8821479550753158
47,Train,3,0.4870414389150909,0.453918991347824,0.30710176059012206,0.46989724378882364
47,Val,3,0.27704784173991814,0.2817589883928882,0.16237410541426525,0.2793835508760786
47,Train,4,0.7801735497084176,0.883663473334155,0.7075044791170935,0.8286999929050591
47,Val,4,0.7374849874278866,0.8792439202276184,0.6696575250476707,0.8021495556539295
47,Train,5,0.5227779399384807,0.400575677620526,0.29331833275181995,0.4535903066510389
47,Val,5,0.46438834352274166,0.3575655427930505,0.2531606974824681,0.4040354838945348
47,Train,6,0.5740159770306623,0.5004693670558007,0.36493206083445323,0.5347255997708753
47,Val,6,0.4107498341074075,0.3577069769233044,0.23639789189599048,0.38239775458883574
47,Train,7,0.6896514208623766,0.6304953252435587,0.4911440658267102,0.6587479685726914
47,Val,7,0.20408163265157375,0.026263952724860457,0.02382370458604286,0.046538683261678135
47,Train,8,0.7120695733925991,0.4712852290698563,0.3958492127440938,0.567180474487914
47,Val,8,0.26829268292298003,0.0193561743090577,0.018385606135071883,0.036107355377226744
47,Train,9,0.20727871798680952,0.06557066376080657,0.05242424242422256,0.09962568019543981
47,Val,9,0.05687438179991655,0.02192146397250873,0.016077170417983955,0.03164556560401963
47,Train,10,0.2689255775259906,0.12228656229992983,0.09177667856868874,0.16812353299768473
47,Val,10,0.16780392702942792,0.052712160979854455,0.04178804272435782,0.08022369064642729
47,Train,11,0.5434191046879742,0.37290890619705164,0.2839440687206026,0.44229974270578387
47,Val,11,0.5039816061011081,0.29506205266258617,0.2286593898683997,0.37220956253983545
47,Train,12,0.3181386906479443,0.23309656944227505,0.15543999677507248,0.2690576652860253
47,Val,12,0.17257683215100883,0.09931972789105993,0.06728110599073911,0.12607944268577803
47,Train,13,0.2898311569184967,0.22810231555882027,0.14632114417093342,0.25528821847155336
47,Val,13,0.25369202226340376,0.18085626992207324,0.11804926057340154,0.21117004772446757
47,Train,14,0.5723668535666974,0.42801274494373076,0.32430571649067447,0.48977469357790265
47,Val,14,0.5330043072504428,0.2836174378073549,0.227167727328339,0.37023093011269453
47,Train,15,0.5601406514594337,0.5926319977273901,0.4044237998308547,0.5759284289703601
47,Val,15,0.5277494075300639,0.5356043071349442,0.36207107676399086,0.531647840609325
47,Train,16,0.0,0.0,0.0,0.0
47,Val,16,0.0,0.0,0.0,0.0
47,Train,17,0.11221428359668814,0.4815158762466312,0.1001171749980797,0.18201183580651167
47,Val,17,0.093896521783534,0.36964651948350435,0.08093686713039704,0.14975317772111513
47,Train,18,0.5537196247050102,0.5093496291193751,0.3611078066807066,0.5306086725995455
47,Val,18,0.4325915488042113,0.4343652260760577,0.276712474030167,0.4334765680872628
47,Train,19,0.6275866530840961,0.7708692043187724,0.5289207546709074,0.6918877244263423
47,Val,19,0.5256476171859785,0.6338550886160821,0.4032155907429947,0.5747022623259279
48,Train,0,0.917659228761449,0.863494594314947,0.8014015046210218,0.8897533371276727
48,Val,0,0.7953275777106371,0.7669710930005307,0.6405437328350738,0.7808919883264822
48,Train,1,0.9175032199615426,0.8894378787423103,0.8235739513584172,0.9032525894407349
48,Val,1,0.9070790851868301,0.8724408866153823,0.800865467222102,0.8894228661700145
48,Train,2,0.8528395522505593,0.9405472073005074,0.8092157684959725,0.8945486525982068
48,Val,2,0.8475370113686975,0.9170220261812815,0.7871686328091592,0.8809114192104556
48,Train,3,0.5303790647701182,0.41702866185138626,0.3045659921563836,0.46692308518362097
48,Val,3,0.2898854817098643,0.2164197414362147,0.14143694110389868,0.2478226053794729
48,Train,4,0.7604483391859026,0.9121422406789885,0.7085495197679582,0.8294164229175478
48,Val,4,0.7129842068175439,0.9035164565426109,0.6625402273524205,0.7970215846252305
48,Train,5,0.5234795471132466,0.4347646399097516,0.31148869662553064,0.47501544493120107
48,Val,5,0.4591887921458616,0.3806122524743003,0.26280523129135264,0.4162244844253944
48,Train,6,0.6499733657445474,0.4673870821553946,0.3734020085340988,0.5437621364640577
48,Val,6,0.4600662888911419,0.33154832993020544,0.2386776492774997,0.3853749139683209
48,Train,7,0.730691006498157,0.5860354087924039,0.4819395367097759,0.6504172688713035
48,Val,7,0.09424083769386804,0.003376793921767773,0.0032706459525726622,0.006519966732242471
48,Train,8,0.7111425188125172,0.4826933547666565,0.4035680995425195,0.575060228703637
48,Val,8,0.250402835964388,0.08042645688843761,0.06482022190701191,0.12174866444881705
48,Train,9,0.0821853904834855,0.14189605344191883,0.05489973237525115,0.1040852096940765
48,Val,9,0.04052337398368836,0.06080823484548073,0.024923822173587837,0.04863545792326847
48,Train,10,0.2558515515659824,0.15426584414826366,0.1064868284942296,0.1924773493104063
48,Val,10,0.1763447759596018,0.07213473315832365,0.05395589293892613,0.10238737907145744
48,Train,11,0.4981437314372584,0.4284166223210848,0.2992552242437147,0.4606565598966895
48,Val,11,0.45909560189945936,0.36499441854344833,0.2552346404627938,0.4066723927750671
48,Train,12,0.30260704359135115,0.25996675230459126,0.16256828018973624,0.27967093214250494
48,Val,12,0.18466027511437452,0.1291545189503118,0.08225027849976342,0.1519986227081445
48,Train,13,0.3271681497408279,0.219141904613334,0.15106229744328034,0.2624745767690863
48,Val,13,0.29193751819144953,0.1591916092425094,0.11484842412617345,0.2060341461582697
48,Train,14,0.5428011804511347,0.4921027078551111,0.34789974535369494,0.5162101160583523
48,Val,14,0.4933318151410505,0.33100319915959214,0.24702629122032546,0.3961845711879913
48,Train,15,0.60743002889111,0.5012349227676793,0.37859390237825663,0.5492464435106936
48,Val,15,0.5668368761175863,0.4664575715899001,0.34387970182644617,0.5117715492407381
48,Train,16,0.0,0.0,0.0,0.0
48,Val,16,0.0,0.0,0.0,0.0
48,Train,17,0.12073832497495453,0.4554243842865287,0.10550606070429405,0.1908737774008954
48,Val,17,0.09687923701805513,0.33618852294191653,0.08132295719843567,0.1504138144468715
48,Train,18,0.5935722962460325,0.5425689028196964,0.3956011324945283,0.5669257781490187
48,Val,18,0.4330074329035746,0.38354520207108206,0.25531803217500404,0.4067782386680937
48,Train,19,0.6460969226723201,0.7918530104329575,0.5522982114561854,0.7115877652106689
48,Val,19,0.5312414512473643,0.630835083558531,0.4052547618734536,0.5767705178893586
49,Train,0,0.9148067821046887,0.8276762169002754,0.7684452207299105,0.8690630699917101
49,Val,0,0.8681689271920879,0.6812454738647473,0.6173795207826048,0.7634318462240356
49,Train,1,0.923486710355965,0.8796322416971522,0.8198795571483831,0.90102616888127
49,Val,1,0.9190192820552919,0.8464124029007357,0.78766602041861,0.8812227865387943
49,Train,2,0.8876536821896364,0.818235886779903,0.7414509176398336,0.851532369684348
49,Val,2,0.8851114138311836,0.6988777845014081,0.6407518377272555,0.781046614056681
49,Train,3,0.3336808114212353,0.5686123376125893,0.2662730521459497,0.4205618191805032
49,Val,3,0.18881605972386734,0.3990563366989905,0.14701403808847352,0.2563421731658762
49,Train,4,0.632120634751788,0.9034994492283948,0.5921420194415082,0.7438306487170961
49,Val,4,0.5466459750836405,0.891971272467178,0.5127022302083561,0.6778627232854422
49,Train,5,0.5244029097592645,0.4050682968888708,0.2962392272927119,0.45707492547381967
49,Val,5,0.45938916617057013,0.37245235107620317,0.2589525849830803,0.4113778151121491
49,Train,6,0.6223049290552496,0.4663728177129164,0.36348613669045066,0.5331717332072523
49,Val,6,0.4458024197271047,0.2789420965442311,0.20711997253844514,0.34316385180014053
49,Train,7,0.7012807044990722,0.6241495922019845,0.4930619941855122,0.6604708878607799
49,Val,7,0.46867612292867217,0.07438326611005122,0.06859861591689567,0.12838986244576406
49,Train,8,0.7641723356005672,0.44561694625205595,0.39174435301885174,0.5629544663586082
49,Val,8,0.3492706645028422,0.04461235896900464,0.04118883792044993,0.07911885985440552
49,Train,9,0.19752838340179088,0.09314445444634806,0.06757407025501218,0.12659368527769208
49,Val,9,0.03613053613039576,0.017727792603854885,0.01203571890771058,0.023785161824102577
49,Train,10,0.19782816482580212,0.21681312925562812,0.11537806407654846,0.20688601472446147
49,Val,10,0.13166495053045096,0.12865266841639167,0.06959958349108539,0.13014137606572704
49,Train,11,0.42747385579014785,0.45165691064772373,0.28142106151581414,0.43923276550765405
49,Val,11,0.38989944277192407,0.39973077680727565,0.24591488416242585,0.39475390201056865
49,Train,12,0.23067202238565,0.3089617651502769,0.15216517558090534,0.2641377746630474
49,Val,12,0.13767399406698283,0.17589893100080087,0.08369168169413987,0.15445662348224065
49,Train,13,0.2476647657340889,0.31461925508874017,0.16087099269349683,0.27715567163791055
49,Val,13,0.21470292307488473,0.2173211475127677,0.12107881065545696,0.2160040965934666
49,Train,14,0.5249785085541849,0.515006191334492,0.3513007123889163,0.51994453313048
49,Val,14,0.4408218100792493,0.38541756195383803,0.25886088127764356,0.4112620893929219
49,Train,15,0.5566964080570973,0.6075631530550266,0.40946173610640013,0.5810185861740358
49,Val,15,0.5078585018895364,0.5417060816477078,0.35523071181205795,0.5242365087085865
49,Train,16,0.0,0.0,0.0,0.0
49,Val,16,0.0,0.0,0.0,0.0
49,Train,17,0.12134006490648237,0.43140647262359666,0.10461016426312625,0.18940648158955795
49,Val,17,0.0918661195556912,0.350223187356597,0.07848845068898616,0.1455526924992839
49,Train,18,0.5770857999810888,0.49550724608144875,0.36350701630014204,0.5331941949187237
49,Val,18,0.40687109282663936,0.44297175472871264,0.2691600812343775,0.4241546547940869
49,Train,19,0.6176809986820251,0.7934844304336248,0.5321348718076668,0.6946318863024709
49,Val,19,0.5047701901229519,0.7301756871765942,0.4254173294378082,0.5969021383523773
50,Train,0,0.902577977398626,0.8283744740753196,0.7603862967194591,0.8638857207007202
50,Val,0,0.8336587315740513,0.712411218591213,0.6237465469897002,0.768280670541442
50,Train,1,0.9054886538610307,0.8639730234687559,0.792506304479514,0.8842438077012319
50,Val,1,0.9202755250917538,0.8401562126450046,0.7831553096912715,0.878392701955061
50,Train,2,0.8015630010122399,0.8436812909565856,0.6979125467531765,0.8220830264147063
50,Val,2,0.8030287455811451,0.8823652170790915,0.7253719889463989,0.8408296753275494
50,Train,3,0.4851615244210583,0.45045813021615316,0.3047729235019753,0.4671662244898833
50,Val,3,0.2789500772001507,0.26596206473525225,0.15760924271061083,0.27230128095585215
50,Train,4,0.7646172648947839,0.8388158336028779,0.66666637049805,0.7999997817692635
50,Val,4,0.7279278339640625,0.8664079439443384,0.6544702798320512,0.7911538620004854
50,Train,5,0.4597890737464523,0.47934724122058436,0.3066468154196879,0.4693644962598281
50,Val,5,0.3976940899057896,0.4307744852727938,0.26069530130171237,0.41357383958806343
50,Train,6,0.6479110076315636,0.45940244718269385,0.367625091741123,0.5376109149227658
50,Val,6,0.4662873814732411,0.3078552991485326,0.22764111840696405,0.3708593856187811
50,Train,7,0.6206264547936035,0.6736025462501147,0.477137905282521,0.6460302723117237
50,Val,7,0.3466270683064348,0.15326892411579282,0.11891419838431051,0.2125528412762375
50,Train,8,0.5741521228748412,0.5262775804401135,0.3785245412501159,0.5491734481085278
50,Val,8,0.19656992084403904,0.13880550667618383,0.08856161669522615,0.16271309349188057
50,Train,9,0.10746050015691554,0.14597053110335625,0.06597854251877723,0.1237896210545715
50,Val,9,0.026793349168620622,0.05375524208910836,0.018206469107096515,0.035761836914555
50,Train,10,0.20325558370458008,0.20310772274919936,0.11307855557534685,0.20318162132625534
50,Val,10,0.12297788972845061,0.09610673665787571,0.057023463455134704,0.10789440882593207
50,Train,11,0.5444339004797519,0.39411736248847234,0.296376600698465,0.45723842497767475
50,Val,11,0.49076364401847755,0.3061593013328826,0.23234663876009562,0.3770800009294026
50,Train,12,0.32868636979195065,0.24941816533164596,0.16524159474555655,0.2836177366690662
50,Val,12,0.1701306413299137,0.11137026239056232,0.07216624685133995,0.13461763882160302
50,Train,13,0.284811686508003,0.26409995030054506,0.15879223586430083,0.27406506197895686
50,Val,13,0.24929173910240016,0.2048355311015905,0.1266892444618855,0.224887638352586
50,Train,14,0.45944323376333746,0.5772164829062576,0.343760776567161,0.511639838348761
50,Val,14,0.38753335106679987,0.459122379792727,0.26606418479552696,0.4203012530457997
50,Train,15,0.5269116001391678,0.6596005568427961,0.4142638291971352,0.5858366977268542
50,Val,15,0.49978114865012585,0.5860241745217024,0.36937305833864004,0.5394776137701094
50,Train,16,0.0,0.0,0.0,0.0
50,Val,16,0.0,0.0,0.0,0.0
50,Train,17,0.12003312910371404,0.45907541217173076,0.10515993857146297,0.19030718194779525
50,Val,17,0.10196513770134372,0.34720714199527597,0.08556223924525211,0.1576367236204631
50,Train,18,0.608722868508422,0.5129616307198783,0.3857656730707326,0.5567545467867535
50,Val,18,0.432875048544005,0.43089589374731224,0.27541520169839295,0.43188319873107445
50,Train,19,0.6620744850914206,0.7713088060889075,0.5534335517419482,0.7125294123592519
50,Val,19,0.5215604217779942,0.6324586498979534,0.40024744366707843,0.571681015393374
